ts,ps_1_voltage,ps_2_voltage,ps_1_current,ps_2_current,ps_1_output_state,ps_2_output_state,V,I
1775248130.8992531,0.019,161.21,0.84099,1.3124,ON,ON,0.0193103198,0.00186169066
1775248131.8564255,9.976,161.74,1.31244,1.3125,ON,ON,1.98224711,1.31164443
1775248132.4800963,9.531,163.83,1.31246,1.3125,ON,ON,1.93255436,1.31158817
1775248133.413933,9.021,166.18,1.31246,1.3125,ON,ON,2.03410912,1.31244218
1775248134.0353343,8.88,167.77,1.31246,1.3125,ON,ON,2.11289072,1.31209004
1775248134.9686117,9.205,164.46,1.31246,1.3125,ON,ON,2.26218939,1.31176305
1775248135.590322,6.719,178.0,1.31246,1.3126,ON,ON,1.91447449,1.31145763
1775248136.5197794,16.415,167.42,1.31231,1.3124,ON,ON,2.51210594,1.37765265
1775248137.140525,7.848,682.01,1.31281,0.0088,ON,ON,2.05928612,1.30579674
1775248138.0691576,11.019,682.49,1.3125,0.008,ON,ON,39.3136978,0.00632476434
1775248138.6928427,12.376,682.49,1.31289,0.0081,ON,ON,39.4883881,0.00642298535
1775248139.6235569,7.805,169.02,1.3125,1.3125,ON,ON,23.2131367,1.31617343
1775248140.2429495,5.242,169.71,1.31248,1.3125,ON,ON,2.9388566,1.3152535
1775248141.1698945,10.715,682.48,1.31264,0.0078,ON,ON,2.10531569,1.31386042
1775248141.7983956,11.963,682.49,1.31246,0.0075,ON,ON,39.0715599,0.00612592651
1775248142.7271318,11.605,682.49,1.31248,0.0076,ON,ON,39.4881821,0.00617264118
1775248143.3485637,12.083,276.21,1.31254,1.2762,ON,ON,39.487072,0.00615706993
1775248144.2783515,12.083,173.11,1.3125,1.3133,ON,ON,24.1889877,0.00285588042
1775248144.9010637,12.148,172.53,1.31237,1.3125,ON,ON,39.484623,1.38720775
1775248145.828116,4.764,169.54,1.31246,1.3125,ON,ON,4.21481037,1.51173532
1775248146.4476476,3.233,166.01,1.31246,1.3128,ON,ON,2.02827096,1.31165886
1775248147.3765657,4.124,164.37,1.31344,1.2735,ON,ON,1.83433199,1.39819527
1775248148.001095,11.181,682.49,1.3126,0.0076,ON,ON,3.4974606,1.30504096
1775248148.9304411,11.996,682.5,1.31246,0.0078,ON,ON,39.4695435,0.00618941104
1775248149.5525944,11.692,682.48,1.3125,1.1035,ON,ON,39.4762383,0.00643735938
1775248150.4792886,11.833,682.49,1.31239,0.0083,ON,ON,13.666954,1.31047904
1775248151.0993712,9.325,172.36,1.31323,1.3146,ON,ON,27.9162426,1.30613089
1775248152.0907888,6.393,175.74,0.03347,1.3127,OFF,ON,2.35306549,1.31204569
1775248152.6537173,0.0,171.05,0.01155,1.3125,OFF,ON,1.77751827,1.31087792
1775248153.58297,0.0,160.41,0.01143,1.3125,OFF,ON,1.90739894,1.31240869
1775248154.2052813,0.0,682.49,0.0,0.0072,OFF,ON,3.84284925,0.00218510185
1775248155.1323931,0.0,682.5,0.0,0.0074,OFF,ON,38.8331223,0.00561565533
1775248155.7553573,0.0,682.49,0.0,0.0077,OFF,ON,38.8363419,0.00584683474
1775248156.6830726,0.0,682.5,0.0,0.008,OFF,ON,38.8375168,0.00629961025
1775248157.4435935,0.0,517.15,0.0,0.0,OFF,OFF,38.8390694,0.00645412877
1775248158.374198,0.008,356.36,0.0,0.0,OFF,OFF,28.0799522,0.00221384945
1775248158.9973283,0.019,76.0,0.0,0.0,OFF,OFF,20.0426407,0.00220666244
1775248159.9282274,0.019,0.02,0.0,0.0,OFF,OFF,1.7423048,0.00209286972
1775248160.5573788,0.019,0.02,0.0,0.0,OFF,OFF,0.216645017,0.00218749745
1775248161.4834938,0.019,0.02,0.0,0.0,OFF,OFF,0.0236643925,0.00221265154
1775248162.1043153,0.019,0.02,0.0,0.0,OFF,OFF,0.0212975033,0.00221265154
1775248163.7542243,6.925,157.31,1.31173,1.3125,ON,ON,0.0183269121,0.00221265154
1775248164.3757007,6.838,164.09,1.31244,1.3125,ON,ON,1.67490709,1.31171036
1775248165.3054469,4.905,166.51,1.31246,1.3125,ON,ON,1.85107756,1.31171751
1775248165.922598,5.448,163.66,1.31248,1.3125,ON,ON,1.9142133,1.31147921
1775248166.8572042,4.786,165.22,1.31246,1.3125,ON,ON,1.78176093,1.31171513
1775248167.478771,3.744,166.49,1.31248,1.3125,ON,ON,1.79127514,1.31232131
1775248168.4127352,2.332,167.46,1.31248,1.3125,ON,ON,1.76873946,1.31160021
1775248169.0354218,0.975,191.44,1.31277,1.3124,ON,ON,1.76159561,1.31176782
1775248169.9628346,5.839,165.06,1.31256,1.3125,ON,ON,1.7862947,1.31946862
1775248170.587764,5.112,164.73,1.31252,1.3125,ON,ON,3.71758032,1.31151628
1775248171.5148275,4.916,165.56,1.31248,1.3125,ON,ON,1.80209148,1.31241703
1775248172.1382866,3.592,166.76,1.31246,1.3125,ON,ON,1.80848181,1.31224942
1775248173.0709405,2.202,161.02,1.31248,1.3126,ON,ON,1.77612758,1.31215835
1775248173.6935377,7.924,163.78,1.3125,1.3125,ON,ON,1.62749255,1.31374431
1775248174.6252902,3.613,173.52,1.31241,1.3123,ON,ON,1.41966498,1.30996037
1775248175.2495668,5.959,170.55,1.31254,1.3149,ON,ON,1.2656554,1.29967833
1775248176.1773283,4.417,167.12,1.31246,1.3125,ON,ON,2.27511382,1.3116864
1775248176.799748,3.233,168.14,1.31248,1.3125,ON,ON,1.86701334,1.31167805
1775248177.7304428,1.93,169.2,1.31248,1.3125,ON,ON,1.83105958,1.31185532
1775248178.349607,1.235,164.55,1.31248,1.3125,ON,ON,1.83180702,1.31224573
1775248179.278998,7.511,164.33,1.31252,1.3125,ON,ON,1.85709655,1.312217
1775248179.9047585,5.991,166.0,1.31246,1.3125,ON,ON,1.97774565,1.31237876
1775248180.8273764,4.515,167.27,1.31246,1.3125,ON,ON,1.86628985,1.31164086
1775248181.4481273,1.301,166.63,1.31248,1.3125,ON,ON,1.882864,1.31200981
1775248182.3773975,1.355,167.57,1.31248,1.3125,ON,ON,1.70762193,1.31163251
1775248183.0004091,0.769,168.1,1.31246,1.3125,ON,ON,1.7208147,1.31189001
1775248183.930659,0.747,168.15,1.31246,1.3125,ON,ON,1.73026431,1.31169116
1775248184.612086,0.747,169.11,1.31246,1.3125,OFF,ON,1.73334384,1.31170797
1775248185.4839027,0.0,169.16,0.01158,1.3125,OFF,ON,1.73606408,1.31216908
1775248186.101658,0.0,169.13,0.01149,1.3125,OFF,ON,1.73921072,1.31163609
1775248187.028571,0.0,169.11,0.01139,1.3125,OFF,ON,1.73765361,1.31205416
1775248187.6565068,0.0,172.43,0.01135,1.3125,OFF,ON,1.73598862,1.31205177
1775248188.58841,0.0,169.12,0.01126,1.3125,OFF,ON,1.87735522,1.31209242
1775248189.2087762,0.0,169.1,0.01122,1.3125,OFF,ON,1.73583531,1.3123368
1775248190.1377704,0.0,169.12,0.01114,1.3125,OFF,ON,1.7344662,1.31215477
1775248190.7625248,0.0,169.07,0.0111,1.3125,OFF,ON,1.73426259,1.3122015
1775248191.6901994,0.0,169.04,0.01105,1.3125,OFF,ON,1.73315227,1.31165886
1775248192.311125,0.0,168.99,0.01101,1.3125,OFF,ON,1.73041165,1.3122853
1775248193.2404058,0.0,168.93,0.01097,1.3125,OFF,ON,1.72629952,1.31165767
1775248193.862785,0.0,168.92,0.01095,1.3125,OFF,ON,1.72400928,1.31159294
1775248194.7930186,0.0,168.84,0.01091,1.3125,OFF,ON,1.72048283,1.31213081
1775248195.413882,0.0,168.78,0.01089,1.3125,OFF,ON,1.71839631,1.31164932
1775248196.3371096,0.0,38.29,0.01087,1.3124,OFF,ON,1.71403384,1.46570683
1775248196.9588344,0.0,38.25,0.01087,1.3124,OFF,ON,1.71649289,1.31197393
1775248197.887786,0.0,38.25,0.01083,1.3124,OFF,ON,1.72044218,1.31176782
1775248198.5108883,0.0,38.23,0.0108,1.3124,OFF,ON,1.72049129,1.31160498
1775248199.4417634,0.0,32.4,0.01078,1.3124,OFF,ON,1.71873641,1.31231165
1775248200.0641122,0.0,32.4,0.0108,1.3124,OFF,ON,1.7214663,1.31233084
1775248200.9899638,0.0,32.39,0.01076,1.3124,OFF,ON,1.72097754,1.31198823
1775248201.6158266,0.0,32.4,0.01072,1.3124,OFF,ON,1.72186279,1.31122649
1775248202.545193,0.0,32.41,0.0107,1.3124,OFF,ON,1.72096324,1.31181693
1775248203.1662292,0.0,32.43,0.01066,1.3124,OFF,ON,1.72091889,1.31115341
1775248204.093159,0.0,32.45,0.01064,1.3124,OFF,ON,1.72357321,1.31205297
1775248204.7163067,0.0,32.47,0.01062,1.3124,OFF,ON,1.72446561,1.31192958
1775248205.6451583,0.0,32.51,0.0106,1.3124,OFF,ON,1.72789741,1.31125522
1775248206.2635822,0.0,32.58,0.01058,1.3124,OFF,ON,1.72812617,1.31095338
1775248207.1935124,0.0,32.65,0.01055,1.3124,OFF,ON,1.73301327,1.31088507
1775248207.8148258,0.0,32.71,0.01053,1.3124,OFF,ON,1.7360785,1.31100965
1775248208.74229,0.0,31.7,0.01051,1.3125,OFF,ON,1.74235022,1.31115222
1775248209.368241,0.0,682.49,0.01047,0.0137,OFF,ON,1.69838071,1.3112911
1775248210.2964416,0.0,682.49,0.0,0.0145,OFF,ON,38.8189087,0.00269657047
1775248210.9158132,0.0,682.49,0.0,0.0161,OFF,ON,38.874588,0.0132924775
1775248211.8461795,0.0,682.5,0.0,0.0172,OFF,ON,38.8813477,0.0153659023
1775248212.6039245,0.0,493.11,0.0,0.0,OFF,OFF,38.2400208,0.00906058308
1775248213.5313418,0.008,324.99,0.0,0.0,OFF,OFF,29.7110386,0.00277922
1775248214.153347,0.019,31.56,0.0,0.0,OFF,OFF,13.7805538,0.00271693338
1775248215.0825024,0.019,0.02,0.0,0.0,OFF,OFF,2.31585646,0.00263548177
1775248215.7039945,0.019,0.02,0.0,0.0,OFF,OFF,0.0404602103,0.0027480768
1775248216.6303878,0.019,0.01,0.0,0.0,OFF,OFF,0.0300248116,0.00271094427
1775248217.2523096,0.019,0.01,0.0,0.0,OFF,OFF,0.0239961892,0.00269657047
1775248218.8911605,11.377,682.49,1.31133,0.0293,ON,ON,0.0207776483,0.00273969187
1775248219.5121188,12.474,682.49,1.31258,0.0287,ON,ON,39.1775627,0.0278471764
1775248220.443451,12.083,682.49,1.3125,0.0292,ON,ON,39.3708649,0.0284077562
1775248221.0595162,12.723,682.49,1.31241,0.0294,ON,ON,39.3657036,0.028630551
1775248222.1292803,0.0,521.55,0.0,0.0,OFF,OFF,39.3798943,0.0292114932
1775248222.7528694,0.0,287.84,0.0,0.0,OFF,OFF,25.2896366,0.00279239612
1775248223.6853566,0.019,66.58,0.0,0.0,OFF,OFF,18.1041946,0.0027588571
1775248224.307495,0.019,0.02,0.0,0.0,OFF,OFF,1.03565383,0.00270495517
1775248225.237606,0.019,0.02,0.0,0.0,OFF,OFF,0.103245094,0.00280197849
1775248225.8599763,0.019,0.01,0.0,0.0,OFF,OFF,0.0232343767,0.0027708353
1775248226.7872243,0.019,0.01,0.0,0.0,OFF,OFF,0.0214544162,0.0027420877
1775248228.1182935,5.731,165.34,1.31252,1.3124,ON,ON,0.0190695599,0.0027564615
1775248229.050883,6.621,166.69,1.31244,1.3125,ON,ON,1.97183442,1.3123368
1775248229.6752653,5.123,167.29,1.31246,1.3125,ON,ON,1.9446919,1.31220269
1775248230.6082957,3.146,167.91,1.31246,1.3125,ON,ON,1.88113558,1.31290817
1775248231.224618,2.147,168.21,1.31246,1.3125,ON,ON,1.84810925,1.31214881
1775248232.153626,0.942,168.29,1.31246,1.3125,ON,ON,1.77830875,1.31296325
1775248232.779308,0.747,167.62,1.31246,1.3125,ON,ON,1.74847114,1.31219423
1775248233.710894,0.758,167.27,1.31246,1.3125,ON,ON,1.70218146,1.3128531
1775248234.334765,0.758,167.09,1.31246,1.3125,ON,ON,1.68934679,1.31278956
1775248235.2613957,0.758,166.91,1.31246,1.3125,ON,ON,1.67174959,1.31253564
1775248235.8822389,0.758,166.82,1.31246,1.3125,ON,ON,1.66607916,1.31218588
1775248236.8111002,0.758,166.76,1.31246,1.3125,ON,ON,1.65772557,1.31267226
1775248237.4327052,0.758,166.71,1.31246,1.3125,ON,ON,1.65518618,1.31266379
1775248238.3644738,0.758,166.73,1.31246,1.3125,ON,ON,1.6512394,1.31251168
1775248238.9862096,0.769,166.77,1.31246,1.3125,ON,ON,1.65160346,1.31294656
1775248239.91705,0.769,166.78,1.31246,1.3125,ON,ON,1.65450096,1.31205773
1775248240.540813,0.79,166.85,1.31246,1.3125,ON,ON,1.65581858,1.31215119
1775248241.466901,0.801,166.9,1.31246,1.3125,ON,ON,1.65894258,1.31216192
1775248242.0899749,0.812,166.96,1.31246,1.3125,ON,ON,1.66148067,1.31247342
1775248243.0194192,0.79,166.43,1.31246,1.3125,ON,ON,1.66495562,1.31271768
1775248243.6410103,0.812,163.26,1.3125,1.3125,ON,ON,1.61921811,1.31088746
1775248244.5684972,4.428,164.4,1.31246,1.3125,ON,ON,1.72299588,1.31280637
1775248245.1967385,3.526,164.96,1.31246,1.3125,ON,ON,1.71045589,1.3123033
1775248246.1232722,1.615,165.04,1.31248,1.3125,ON,ON,1.6858815,1.31262672
1775248246.747367,1.116,165.82,1.31246,1.3125,ON,ON,1.59705842,1.31215
1775248247.6762738,0.758,165.97,1.31246,1.3125,ON,ON,1.59848142,1.3127656
1775248248.29732,0.747,166.03,1.31246,1.3125,ON,ON,1.6067344,1.31292975
1775248249.2847185,0.0,167.12,1.31246,1.3125,OFF,ON,1.6144855,1.31186128
1775248249.8483396,0.0,167.35,0.01143,1.3125,OFF,ON,1.61922526,1.31216192
1775248250.7755952,0.0,167.51,0.01128,1.3125,OFF,ON,1.63520181,1.31268299
1775248251.396247,0.0,167.77,0.01122,1.3125,OFF,ON,1.64397454,1.31265903
1775248252.326703,0.0,167.91,0.01114,1.3125,OFF,ON,1.65867662,1.31231165
1775248252.9489093,0.0,168.09,0.0111,1.3125,OFF,ON,1.6639303,1.3124578
1775248253.877503,0.0,168.3,0.01103,1.3125,OFF,ON,1.67694211,1.31271768
1775248254.5032244,0.0,168.42,0.01099,1.3125,OFF,ON,1.68618453,1.31214035
1775248255.4344082,0.0,168.6,0.01093,1.3125,OFF,ON,1.6977638,1.31206369
1775248256.0514307,0.0,168.64,0.01091,1.3125,OFF,ON,1.70004213,1.31200862
1775248256.981086,0.0,168.63,0.01087,1.3125,OFF,ON,1.70281863,1.31274164
1775248257.6046207,0.0,168.64,0.01083,1.3125,OFF,ON,1.70302224,1.31289744
1775248258.538215,0.0,33.91,0.01087,1.3116,OFF,ON,1.6509136,1.31452644
1775248259.1599815,0.0,36.78,0.01066,1.3124,OFF,ON,1.57530606,1.31195474
1775248260.0899434,0.0,36.31,0.0107,1.3124,OFF,ON,1.17668974,1.31076527
1775248260.711098,0.0,30.3,0.01068,1.3124,OFF,ON,1.61098301,1.31279433
1775248261.635619,0.0,29.91,0.01064,1.3124,OFF,ON,1.59446275,1.31199789
1775248262.2608345,0.0,29.47,0.01064,1.3124,OFF,ON,1.57866347,1.31223142
1775248263.1947234,0.0,28.62,0.0106,1.3124,OFF,ON,1.54667449,1.31254399
1775248263.8151784,0.0,26.92,0.01058,1.3124,OFF,ON,1.51586783,1.31270695
1775248264.7434115,0.0,24.84,0.01055,1.3124,OFF,ON,1.36306202,1.31203616
1775248265.368767,0.0,24.04,0.01053,1.3124,OFF,ON,1.30045211,1.31275606
1775248266.2945497,0.0,23.7,0.01051,1.3124,OFF,ON,1.24217939,1.3125428
1775248266.9214685,0.0,23.39,0.01049,1.3124,OFF,ON,1.22658372,1.31253326
1775248267.84965,0.0,23.18,0.01047,1.3124,OFF,ON,1.20558238,1.31202304
1775248268.4760828,0.0,23.07,0.01047,1.3124,OFF,ON,1.19841468,1.3123703
1775248269.404672,0.0,22.98,0.01045,1.3124,OFF,ON,1.18780077,1.31264102
1775248270.0282762,0.0,22.83,0.01043,1.3124,OFF,ON,1.18454266,1.3119272
1775248270.9563346,0.0,22.81,0.01041,1.3124,OFF,ON,1.17609692,1.31224704
1775248271.585616,0.0,22.8,0.01039,1.3124,OFF,ON,1.17452657,1.31193078
1775248272.513983,0.0,22.8,0.01037,1.3124,OFF,ON,1.17454576,1.31277645
1775248273.1319797,0.0,22.81,0.01037,1.3124,OFF,ON,1.17470622,1.31202185
1775248274.06044,0.0,22.86,0.01035,1.3124,OFF,ON,1.17568243,1.31270456
1775248274.6835313,0.0,22.91,0.01032,1.3124,OFF,ON,1.17827451,1.31239307
1775248275.6156244,0.0,22.99,0.01032,1.3124,OFF,ON,1.18019938,1.31205654
1775248276.236795,0.0,23.13,0.0103,1.3124,OFF,ON,1.18741024,1.31191874
1775248277.1670876,0.0,23.3,0.01028,1.3124,OFF,ON,1.19321609,1.31256914
1775248277.789841,0.0,23.43,0.01028,1.3124,OFF,ON,1.20472002,1.31217515
1775248278.717411,0.0,23.65,0.01026,1.3124,OFF,ON,1.20987058,1.31257284
1775248279.3337097,0.0,23.87,0.01026,1.3124,OFF,ON,1.22538352,1.31219542
1775248280.261761,0.0,24.01,0.01024,1.3124,OFF,ON,1.23294055,1.31223381
1775248280.8846428,0.0,24.19,0.01022,1.3124,OFF,ON,1.23944831,1.31196785
1775248281.812105,0.0,24.32,0.01022,1.3124,OFF,ON,1.25524163,1.31240273
1775248282.4351375,0.0,24.38,0.0102,1.3124,OFF,ON,1.26108694,1.31243742
1775248283.362842,0.0,24.45,0.0102,1.3124,OFF,ON,1.26722455,1.31244099
1775248283.987161,0.0,24.49,0.01018,1.3124,OFF,ON,1.26979029,1.31241107
1775248284.9187448,0.0,24.53,0.01016,1.3124,OFF,ON,1.27297044,1.31205893
1775248285.5412934,0.0,24.54,0.01016,1.3124,OFF,ON,1.27286983,1.31203735
1775248286.4684358,0.0,24.54,0.01016,1.3124,OFF,ON,1.27454078,1.31234646
1775248287.089707,0.0,24.54,0.01014,1.3124,OFF,ON,1.27474809,1.31231999
1775248288.0143068,0.0,24.54,0.01014,1.3124,OFF,ON,1.27496004,1.31203377
1775248288.6345878,0.0,24.49,0.01012,1.3124,OFF,ON,1.27411675,1.31237519
1775248289.5620642,0.0,24.48,0.01012,1.3124,OFF,ON,1.28516912,1.31273091
1775248290.1879756,0.0,24.44,0.0101,1.3124,OFF,ON,1.27366757,1.31250334
1775248291.111372,0.0,24.43,0.0101,1.3124,OFF,ON,1.27054965,1.3122865
1775248291.733287,0.0,24.41,0.0101,1.3124,OFF,ON,1.26847982,1.31272614
1775248292.6599815,0.0,24.4,0.01007,1.3124,OFF,ON,1.26740897,1.31200624
1775248293.279659,0.0,24.39,0.01007,1.3124,OFF,ON,1.26702452,1.31204569
1775248294.214199,0.0,24.38,0.01005,1.3124,OFF,ON,1.266186,1.31240392
1775248294.8373454,0.0,24.38,0.01005,1.3124,OFF,ON,1.26548648,1.31202424
1775248295.7661653,0.0,24.38,0.01005,1.3124,OFF,ON,1.26441443,1.31213796
