ts,ps_1_voltage,ps_2_voltage,ps_1_current,ps_2_current,ps_1_output_state,ps_2_output_state,V,I,voltage_sum,Applied PS Voltage (calibrated),Applied PS Current (calibrated)
1775248131,0.019,161.21,0.84099,1.3124,ON,ON,0.01931032,0.001861691,161.229,2.136026456,0.00467326
1775248132,9.976,161.74,1.31244,1.3125,ON,ON,1.98224711,1.31164443,171.716,36.66997341,1.25224132
1775248132,9.531,163.83,1.31246,1.3125,ON,ON,1.93255436,1.31158817,173.361,35.79572886,1.252187732
1775248133,9.021,166.18,1.31246,1.3125,ON,ON,2.03410912,1.31244218,175.201,37.58238175,1.253001176
1775248134,8.88,167.77,1.31246,1.3125,ON,ON,2.11289072,1.31209004,176.65,38.96838644,1.252665763
1775248135,9.205,164.46,1.31246,1.3125,ON,ON,2.26218939,1.31176305,173.665,41.59499794,1.252354305
1775248136,6.719,178,1.31246,1.3126,ON,ON,1.91447449,1.31145763,184.719,35.4776497,1.252063393
1775248137,16.415,167.42,1.31231,1.3124,ON,ON,2.51210594,1.37765265,183.835,45.9917798,1.315114149
1775248137,7.848,682.01,1.31281,0.0088,ON,ON,2.05928612,1.30579674,689.858,38.02532071,1.246671395
1775248138,11.019,682.49,1.3125,0.008,ON,ON,39.3136978,0.006324764,693.509,693.4421854,0.008924338
1775248139,12.376,682.49,1.31289,0.0081,ON,ON,39.4883881,0.006422985,694.866,696.5155118,0.009017894
1775248140,7.805,169.02,1.3125,1.3125,ON,ON,23.2131367,1.31617343,176.825,410.185014,1.256555192
1775248140,5.242,169.71,1.31248,1.3125,ON,ON,2.9388566,1.3152535,174.952,53.49960416,1.255678959
1775248141,10.715,682.48,1.31264,0.0078,ON,ON,2.10531569,1.31386042,693.195,38.83511893,1.25435205
1775248142,11.963,682.49,1.31246,0.0075,ON,ON,39.0715599,0.006125927,694.453,689.1822533,0.008734945
1775248143,11.605,682.49,1.31248,0.0076,ON,ON,39.4881821,0.006172641,694.095,696.5118877,0.008779441
1775248143,12.083,276.21,1.31254,1.2762,ON,ON,39.487072,0.00615707,288.293,696.4923577,0.008764609
1775248144,12.083,173.11,1.3125,1.3133,ON,ON,24.1889877,0.00285588,185.193,427.3531606,0.005620226
1775248145,12.148,172.53,1.31237,1.3125,ON,ON,39.484623,1.38720775,184.678,696.4492724,1.324215382
1775248146,4.764,169.54,1.31246,1.3125,ON,ON,4.21481037,1.51173532,174.304,75.94745884,1.442827892
1775248146,3.233,166.01,1.31246,1.3128,ON,ON,2.02827096,1.31165886,169.243,37.479671,1.252255064
1775248147,4.124,164.37,1.31344,1.2735,ON,ON,1.83433199,1.39819527,168.494,34.0677027,1.334680995
1775248148,11.181,682.49,1.3126,0.0076,ON,ON,3.4974606,1.30504096,693.671,63.32712434,1.245951514
1775248149,11.996,682.5,1.31246,0.0078,ON,ON,39.4695435,0.006189411,694.496,696.1839788,0.008795414
1775248150,11.692,682.48,1.3125,1.1035,ON,ON,39.4762383,0.006437359,694.172,696.3017604,0.009031585
1775248150,11.833,682.49,1.31239,0.0083,ON,ON,13.666954,1.31047904,694.323,242.2390217,1.251131286
1775248151,9.325,172.36,1.31323,1.3146,ON,ON,27.9162426,1.30613089,181.685,492.9267561,1.246989673
1775248152,6.393,175.74,0.03347,1.3127,OFF,ON,2.35306549,1.31204569,182.133,43.19378117,1.25262352
1775248153,0,171.05,0.01155,1.3125,OFF,ON,1.77751827,1.31087792,171.05,33.06817892,1.251511219
1775248154,0,160.41,0.01143,1.3125,OFF,ON,1.90739894,1.31240869,160.41,35.35316955,1.252969277
1775248154,0,682.49,0,0.0072,OFF,ON,3.84284925,0.002185102,682.49,69.40354686,0.00498131
1775248155,0,682.5,0,0.0074,OFF,ON,38.8331223,0.005615655,682.5,684.9874206,0.008248912
1775248156,0,682.49,0,0.0077,OFF,ON,38.8363419,0.005846835,682.49,685.044063,0.00846911
1775248157,0,682.5,0,0.008,OFF,ON,38.8375168,0.00629961,682.5,685.0647331,0.008900379
1775248157,0,517.15,0,0,OFF,OFF,38.8390694,0.006454129,517.15,685.092048,0.009047558
1775248158,0.008,356.36,0,0,OFF,OFF,28.0799522,0.002213849,356.368,495.8068991,0.005008692
1775248159,0.019,76,0,0,OFF,OFF,20.0426407,0.002206662,76.019,354.4064778,0.005001846
1775248160,0.019,0.02,0,0,OFF,OFF,1.7423048,0.00209287,0.039,32.44866835,0.004893458
1775248161,0.019,0.02,0,0,OFF,OFF,0.216645017,0.002187497,0.039,5.607735784,0.004983591
1775248161,0.019,0.02,0,0,OFF,OFF,0.023664393,0.002212652,0.039,2.212627657,0.005007551
1775248162,0.019,0.02,0,0,OFF,OFF,0.021297503,0.002212652,0.039,2.170986976,0.005007551
1775248164,6.925,157.31,1.31173,1.3125,ON,ON,0.018326912,0.002212652,164.235,2.118725365,0.005007551
1775248164,6.838,164.09,1.31244,1.3125,ON,ON,1.67490709,1.31171036,170.928,31.26294043,1.252304118
1775248165,4.905,166.51,1.31246,1.3125,ON,ON,1.85107756,1.31171751,171.415,34.36230751,1.252310928
1775248166,5.448,163.66,1.31248,1.3125,ON,ON,1.9142133,1.31147921,169.108,35.47305459,1.252083948
1775248167,4.786,165.22,1.31246,1.3125,ON,ON,1.78176093,1.31171513,170.006,33.14282004,1.252308661
1775248167,3.744,166.49,1.31248,1.3125,ON,ON,1.79127514,1.31232131,170.234,33.31020354,1.252886048
1775248168,2.332,167.46,1.31248,1.3125,ON,ON,1.76873946,1.31160021,169.792,32.91373332,1.2521992
1775248169,0.975,191.44,1.31277,1.3124,ON,ON,1.76159561,1.31176782,192.415,32.78805157,1.252358849
1775248170,5.839,165.06,1.31256,1.3125,ON,ON,1.7862947,1.31946862,170.899,33.22258266,1.259693861
1775248171,5.112,164.73,1.31252,1.3125,ON,ON,3.71758032,1.31151628,169.842,67.19969057,1.252119257
1775248172,4.916,165.56,1.31248,1.3125,ON,ON,1.80209148,1.31241703,170.476,33.50049541,1.252977221
1775248172,3.592,166.76,1.31246,1.3125,ON,ON,1.80848181,1.31224942,170.352,33.61292048,1.252817573
1775248173,2.202,161.02,1.31248,1.3126,ON,ON,1.77612758,1.31215835,163.222,33.04371251,1.252730828
1775248174,7.924,163.78,1.3125,1.3125,ON,ON,1.62749255,1.31374431,171.704,30.42877643,1.254241455
1775248175,3.613,173.52,1.31241,1.3123,ON,ON,1.41966498,1.30996037,177.133,26.77246599,1.250637252
1775248175,5.959,170.55,1.31254,1.3149,ON,ON,1.2656554,1.29967833,176.509,24.06297545,1.240843609
1775248176,4.417,167.12,1.31246,1.3125,ON,ON,2.27511382,1.3116864,171.537,41.82237744,1.252281296
1775248177,3.233,168.14,1.31248,1.3125,ON,ON,1.86701334,1.31167805,171.373,34.64266569,1.252273343
1775248178,1.93,169.2,1.31248,1.3125,ON,ON,1.83105958,1.31185532,171.13,34.01013119,1.252442192
1775248178,1.235,164.55,1.31248,1.3125,ON,ON,1.83180702,1.31224573,165.785,34.0232809,1.252814058
1775248179,7.511,164.33,1.31252,1.3125,ON,ON,1.85709655,1.312217,171.841,34.4681996,1.252786693
1775248180,5.991,166,1.31246,1.3125,ON,ON,1.97774565,1.31237876,171.991,36.59077922,1.252940769
1775248181,4.515,167.27,1.31246,1.3125,ON,ON,1.86628985,1.31164086,171.785,34.62993733,1.252237919
1775248181,1.301,166.63,1.31248,1.3125,ON,ON,1.882864,1.31200981,167.931,34.92152635,1.252589344
1775248182,1.355,167.57,1.31248,1.3125,ON,ON,1.70762193,1.31163251,168.925,31.83849261,1.252229966
1775248183,0.769,168.1,1.31246,1.3125,ON,ON,1.7208147,1.31189001,168.869,32.07059302,1.252475235
1775248184,0.747,168.15,1.31246,1.3125,ON,ON,1.73026431,1.31169116,168.897,32.23684001,1.25228583
1775248185,0.747,169.11,1.31246,1.3125,OFF,ON,1.73334384,1.31170797,169.857,32.29101818,1.252301841
1775248185,0,169.16,0.01158,1.3125,OFF,ON,1.73606408,1.31216908,169.16,32.33887536,1.252741049
1775248186,0,169.13,0.01149,1.3125,OFF,ON,1.73921072,1.31163609,169.13,32.3942342,1.252233376
1775248187,0,169.11,0.01139,1.3125,OFF,ON,1.73765361,1.31205416,169.11,32.36683996,1.252631587
1775248188,0,172.43,0.01135,1.3125,OFF,ON,1.73598862,1.31205177,172.43,32.33754779,1.252629311
1775248189,0,169.12,0.01126,1.3125,OFF,ON,1.87735522,1.31209242,169.12,34.82461039,1.25266803
1775248189,0,169.1,0.01122,1.3125,OFF,ON,1.73583531,1.3123368,169.1,32.33485061,1.252900802
1775248190,0,169.12,0.01114,1.3125,OFF,ON,1.7344662,1.31215477,169.12,32.31076386,1.252727418
1775248191,0,169.07,0.0111,1.3125,OFF,ON,1.73426259,1.3122015,169.07,32.30718175,1.252771929
1775248192,0,169.04,0.01105,1.3125,OFF,ON,1.73315227,1.31165886,169.04,32.28764789,1.252255064
1775248192,0,168.99,0.01101,1.3125,OFF,ON,1.73041165,1.3122853,168.99,32.23943216,1.252851748
1775248193,0,168.93,0.01097,1.3125,OFF,ON,1.72629952,1.31165767,168.93,32.16708746,1.252253931
1775248194,0,168.92,0.01095,1.3125,OFF,ON,1.72400928,1.31159294,168.92,32.12679526,1.252192275
1775248195,0,168.84,0.01091,1.3125,OFF,ON,1.72048283,1.31213081,168.84,32.06475443,1.252704597
1775248195,0,168.78,0.01089,1.3125,OFF,ON,1.71839631,1.31164932,168.78,32.02804628,1.252245977
1775248196,0,38.29,0.01087,1.3124,OFF,ON,1.71403384,1.46570683,38.29,31.95129735,1.398985756
1775248197,0,38.25,0.01087,1.3124,OFF,ON,1.71649289,1.31197393,38.25,31.99455941,1.252555168
1775248198,0,38.25,0.01083,1.3124,OFF,ON,1.72044218,1.31176782,38.25,32.06403927,1.252358849
1775248199,0,38.23,0.0108,1.3124,OFF,ON,1.72049129,1.31160498,38.23,32.06490326,1.252203743
1775248199,0,32.4,0.01078,1.3124,OFF,ON,1.71873641,1.31231165,32.4,32.03402966,1.252876847
1775248200,0,32.4,0.0108,1.3124,OFF,ON,1.7214663,1.31233084,32.4,32.08205662,1.252895125
1775248201,0,32.39,0.01076,1.3124,OFF,ON,1.72097754,1.31198823,32.39,32.07345786,1.252568789
1775248202,0,32.4,0.01072,1.3124,OFF,ON,1.72186279,1.31122649,32.4,32.08903206,1.251843232
1775248203,0,32.41,0.0107,1.3124,OFF,ON,1.72096324,1.31181693,32.41,32.07320628,1.252405626
1775248203,0,32.43,0.01066,1.3124,OFF,ON,1.72091889,1.31115341,32.43,32.07242603,1.251773623
1775248204,0,32.45,0.01064,1.3124,OFF,ON,1.72357321,1.31205297,32.45,32.11912348,1.252630454
1775248205,0,32.47,0.01062,1.3124,OFF,ON,1.72446561,1.31192958,32.47,32.13482348,1.252512925
1775248206,0,32.51,0.0106,1.3124,OFF,ON,1.72789741,1.31125522,32.51,32.19519913,1.251870597
1775248206,0,32.58,0.01058,1.3124,OFF,ON,1.72812617,1.31095338,32.58,32.19922371,1.251583094
1775248207,0,32.65,0.01055,1.3124,OFF,ON,1.73301327,1.31088507,32.65,32.28520246,1.251518029
1775248208,0,32.71,0.01053,1.3124,OFF,ON,1.7360785,1.31100965,32.71,32.33912905,1.251636692
1775248209,0,31.7,0.01051,1.3125,OFF,ON,1.74235022,1.31115222,31.7,32.44946742,1.25177249
1775248209,0,682.49,0.01047,0.0137,OFF,ON,1.69838071,1.3112911,682.49,31.67591183,1.251904773
1775248210,0,682.49,0,0.0145,OFF,ON,38.8189087,0.00269657,682.49,684.7373608,0.005468483
1775248211,0,682.49,0,0.0161,OFF,ON,38.874588,0.013292478,682.49,685.7169267,0.015561085
1775248212,0,682.5,0,0.0172,OFF,ON,38.8813477,0.015365902,682.5,685.8358501,0.017536022
1775248213,0,493.11,0,0,OFF,OFF,38.2400208,0.009060583,493.11,674.5529859,0.011530205
1775248214,0.008,324.99,0,0,OFF,OFF,29.7110386,0.00277922,324.998,524.5026021,0.005547207
1775248214,0.019,31.56,0,0,OFF,OFF,13.7805538,0.002716933,31.579,244.237583,0.005487879
1775248215,0.019,0.02,0,0,OFF,OFF,2.31585646,0.002635482,0.039,42.5391627,0.005410296
1775248216,0.019,0.02,0,0,OFF,OFF,0.04046021,0.002748077,0.039,2.50811648,0.005517543
1775248217,0.019,0.01,0,0,OFF,OFF,0.030024812,0.002710944,0.029,2.32452651,0.005482174
1775248217,0.019,0.01,0,0,OFF,OFF,0.023996189,0.00269657,0.029,2.218464957,0.005468483
1775248219,11.377,682.49,1.31133,0.0293,ON,ON,0.020777648,0.002739692,693.867,2.161841167,0.005509557
1775248220,12.474,682.49,1.31258,0.0287,ON,ON,39.1775627,0.027847176,694.964,691.0471606,0.029424436
1775248220,12.083,682.49,1.3125,0.0292,ON,ON,39.3708649,0.028407756,694.573,694.4479262,0.029958388
1775248221,12.723,682.49,1.31241,0.0294,ON,ON,39.3657036,0.028630551,695.213,694.3571234,0.0301706
1775248222,0,521.55,0,0,OFF,OFF,39.3798943,0.029211493,521.55,694.6067804,0.030723947
1775248223,0,287.84,0,0,OFF,OFF,25.2896366,0.002792396,287.84,446.7168767,0.005559757
1775248224,0.019,66.58,0,0,OFF,OFF,18.1041946,0.002758857,66.599,320.3033956,0.005527811
1775248224,0.019,0.02,0,0,OFF,OFF,1.03565383,0.002704955,0.039,20.01655783,0.00547647
1775248225,0.019,0.02,0,0,OFF,OFF,0.103245094,0.002801978,0.039,3.612690939,0.005568885
1775248226,0.019,0.01,0,0,OFF,OFF,0.023234377,0.002770835,0.029,2.205062389,0.005539221
1775248227,0.019,0.01,0,0,OFF,OFF,0.021454416,0.002742088,0.029,2.173747544,0.005511839
1775248228,5.731,165.34,1.31252,1.3124,ON,ON,0.01906956,0.002756462,171.071,2.131790767,0.00552553
1775248229,6.621,166.69,1.31244,1.3125,ON,ON,1.97183442,1.3123368,173.311,36.48678295,1.252900802
1775248230,5.123,167.29,1.31246,1.3125,ON,ON,1.9446919,1.31220269,172.413,36.0092646,1.252773062
1775248231,3.146,167.91,1.31246,1.3125,ON,ON,1.88113558,1.31290817,171.056,34.89111826,1.253445032
1775248231,2.147,168.21,1.31246,1.3125,ON,ON,1.84810925,1.31214881,170.357,34.31008604,1.252721742
1775248232,0.942,168.29,1.31246,1.3125,ON,ON,1.77830875,1.31296325,169.232,33.08208584,1.253497496
1775248233,0.747,167.62,1.31246,1.3125,ON,ON,1.74847114,1.31219423,168.367,32.55715277,1.252765004
1775248234,0.758,167.27,1.31246,1.3125,ON,ON,1.70218146,1.3128531,168.028,31.74277843,1.253392578
1775248234,0.758,167.09,1.31246,1.3125,ON,ON,1.68934679,1.31278956,167.848,31.51697808,1.253332056
1775248235,0.758,166.91,1.31246,1.3125,ON,ON,1.67174959,1.31253564,167.668,31.20739054,1.253090197
1775248236,0.758,166.82,1.31246,1.3125,ON,ON,1.66607916,1.31218588,167.578,31.10763066,1.252757051
1775248237,0.758,166.76,1.31246,1.3125,ON,ON,1.65772557,1.31267226,167.518,30.96066595,1.253220328
1775248237,0.758,166.71,1.31246,1.3125,ON,ON,1.65518618,1.31266379,167.468,30.91599046,1.25321226
1775248238,0.758,166.73,1.31246,1.3125,ON,ON,1.6512394,1.31251168,167.488,30.84655476,1.253067375
1775248239,0.769,166.77,1.31246,1.3125,ON,ON,1.65160346,1.31294656,167.539,30.85295967,1.253481598
1775248240,0.769,166.78,1.31246,1.3125,ON,ON,1.65450096,1.31205773,167.549,30.90393539,1.252634988
1775248241,0.79,166.85,1.31246,1.3125,ON,ON,1.65581858,1.31215119,167.64,30.92711628,1.252724008
1775248241,0.801,166.9,1.31246,1.3125,ON,ON,1.65894258,1.31216192,167.701,30.98207681,1.252734229
1775248242,0.812,166.96,1.31246,1.3125,ON,ON,1.66148067,1.31247342,167.772,31.02672943,1.253030933
1775248243,0.79,166.43,1.31246,1.3125,ON,ON,1.66495562,1.31271768,167.22,31.08786422,1.25326359
1775248244,0.812,163.26,1.3125,1.3125,ON,ON,1.61921811,1.31088746,164.072,30.28320421,1.251520306
1775248245,4.428,164.4,1.31246,1.3125,ON,ON,1.72299588,1.31280637,168.828,32.10896652,1.253348067
1775248245,3.526,164.96,1.31246,1.3125,ON,ON,1.71045589,1.3123033,168.486,31.88835047,1.252868893
1775248246,1.615,165.04,1.31248,1.3125,ON,ON,1.6858815,1.31262672,166.655,31.45601323,1.253176951
1775248247,1.116,165.82,1.31246,1.3125,ON,ON,1.59705842,1.31215,166.936,29.89334878,1.252722875
1775248248,0.758,165.97,1.31246,1.3125,ON,ON,1.59848142,1.3127656,166.728,29.91838362,1.253309234
1775248248,0.747,166.03,1.31246,1.3125,ON,ON,1.6067344,1.31292975,166.777,30.0635783,1.253465587
1775248249,0,167.12,1.31246,1.3125,OFF,ON,1.6144855,1.31186128,167.12,30.1999434,1.252447869
1775248250,0,167.35,0.01143,1.3125,OFF,ON,1.61922526,1.31216192,167.35,30.28333,1.252734229
1775248251,0,167.51,0.01128,1.3125,OFF,ON,1.63520181,1.31268299,167.51,30.56440544,1.253230548
1775248251,0,167.77,0.01122,1.3125,OFF,ON,1.64397454,1.31265903,167.77,30.71874408,1.253207726
1775248252,0,167.91,0.01114,1.3125,OFF,ON,1.65867662,1.31231165,167.91,30.97739778,1.252876847
1775248253,0,168.09,0.0111,1.3125,OFF,ON,1.6639303,1.3124578,168.09,31.06982577,1.253016055
1775248254,0,168.3,0.01103,1.3125,OFF,ON,1.67694211,1.31271768,168.3,31.29874254,1.25326359
1775248255,0,168.42,0.01099,1.3125,OFF,ON,1.68618453,1.31214035,168.42,31.46134444,1.252713683
1775248255,0,168.6,0.01093,1.3125,OFF,ON,1.6977638,1.31206369,168.6,31.66505853,1.252640665
1775248256,0,168.64,0.01091,1.3125,OFF,ON,1.70004213,1.31200862,168.64,31.70514119,1.252588211
1775248257,0,168.63,0.01087,1.3125,OFF,ON,1.70281863,1.31274164,168.63,31.75398816,1.253286412
1775248258,0,168.64,0.01083,1.3125,OFF,ON,1.70302224,1.31289744,168.64,31.75757027,1.253434812
1775248259,0,33.91,0.01087,1.3116,OFF,ON,1.6509136,1.31452644,33.91,30.84082296,1.254986434
1775248259,0,36.78,0.01066,1.3124,OFF,ON,1.57530606,1.31195474,36.78,29.51065951,1.25253689
1775248260,0,36.31,0.0107,1.3124,OFF,ON,1.17668974,1.31076527,36.31,22.4978026,1.25140392
1775248261,0,30.3,0.01068,1.3124,OFF,ON,1.61098301,1.31279433,30.3,30.13832409,1.253336599
1775248262,0,29.91,0.01064,1.3124,OFF,ON,1.59446275,1.31199789,29.91,29.84768316,1.25257799
1775248262,0,29.47,0.01064,1.3124,OFF,ON,1.57866347,1.31223142,29.47,29.56972643,1.252800428
1775248263,0,28.62,0.0106,1.3124,OFF,ON,1.54667449,1.31254399,28.62,29.0069443,1.25309815
1775248264,0,26.92,0.01058,1.3124,OFF,ON,1.51586783,1.31270695,26.92,28.46496273,1.25325337
1775248265,0,24.84,0.01055,1.3124,OFF,ON,1.36306202,1.31203616,24.84,25.77665012,1.252614442
1775248265,0,24.04,0.01053,1.3124,OFF,ON,1.30045211,1.31275606,24.04,24.67515397,1.253300147
1775248266,0,23.7,0.01051,1.3124,OFF,ON,1.24217939,1.3125428,23.7,23.64996201,1.253097017
1775248267,0,23.39,0.01049,1.3124,OFF,ON,1.22658372,1.31253326,23.39,23.37558739,1.25308793
1775248268,0,23.18,0.01047,1.3124,OFF,ON,1.20558238,1.31202304,23.18,23.00611081,1.252601946
1775248268,0,23.07,0.01047,1.3124,OFF,ON,1.19841468,1.3123703,23.07,22.88000947,1.252932711
1775248269,0,22.98,0.01045,1.3124,OFF,ON,1.18780077,1.31264102,22.98,22.69327895,1.253190572
1775248270,0,22.83,0.01043,1.3124,OFF,ON,1.18454266,1.3119272,22.83,22.63595902,1.252510658
1775248271,0,22.81,0.01041,1.3124,OFF,ON,1.17609692,1.31224704,22.81,22.48737311,1.252815306
1775248272,0,22.8,0.01039,1.3124,OFF,ON,1.17452657,1.31193078,22.8,22.45974595,1.252514068
1775248273,0,22.8,0.01037,1.3124,OFF,ON,1.17454576,1.31277645,22.8,22.46008356,1.253319569
1775248273,0,22.81,0.01037,1.3124,OFF,ON,1.17470622,1.31202185,22.81,22.46290653,1.252600812
1775248274,0,22.86,0.01035,1.3124,OFF,ON,1.17568243,1.31270456,22.86,22.48008099,1.253251093
1775248275,0,22.91,0.01032,1.3124,OFF,ON,1.17827451,1.31239307,22.91,22.52568345,1.252954399
1775248276,0,22.99,0.01032,1.3124,OFF,ON,1.18019938,1.31205654,22.99,22.55954769,1.252633854
1775248276,0,23.13,0.0103,1.3124,OFF,ON,1.18741024,1.31191874,23.13,22.68640835,1.2525026
1775248277,0,23.3,0.01028,1.3124,OFF,ON,1.19321609,1.31256914,23.3,22.78855067,1.253122106
1775248278,0,23.43,0.01028,1.3124,OFF,ON,1.20472002,1.31217515,23.43,22.99093931,1.25274683
1775248279,0,23.65,0.01026,1.3124,OFF,ON,1.20987058,1.31257284,23.65,23.08155311,1.25312563
1775248279,0,23.87,0.01026,1.3124,OFF,ON,1.22538352,1.31219542,23.87,23.35447227,1.252766138
1775248280,0,24.01,0.01024,1.3124,OFF,ON,1.23294055,1.31223381,24.01,23.4874231,1.252802704
1775248281,0,24.19,0.01022,1.3124,OFF,ON,1.23944831,1.31196785,24.19,23.60191412,1.252549377
1775248282,0,24.32,0.01022,1.3124,OFF,ON,1.25524163,1.31240273,24.32,23.879766,1.2529636
1775248282,0,24.38,0.0102,1.3124,OFF,ON,1.26108694,1.31243742,24.38,23.98260254,1.252996643
1775248283,0,24.45,0.0102,1.3124,OFF,ON,1.26722455,1.31244099,24.45,24.09058151,1.253000043
1775248284,0,24.49,0.01018,1.3124,OFF,ON,1.26979029,1.31241107,24.49,24.13572057,1.252971544
1775248285,0,24.53,0.01016,1.3124,OFF,ON,1.27297044,1.31205893,24.53,24.19166895,1.252636131
1775248286,0,24.54,0.01016,1.3124,OFF,ON,1.27286983,1.31203735,24.54,24.18989892,1.252615576
1775248286,0,24.54,0.01016,1.3124,OFF,ON,1.27454078,1.31234646,24.54,24.21929594,1.252910003
1775248287,0,24.54,0.01014,1.3124,OFF,ON,1.27474809,1.31231999,24.54,24.22294315,1.25288479
1775248288,0,24.54,0.01014,1.3124,OFF,ON,1.27496004,1.31203377,24.54,24.22667198,1.252612166
1775248289,0,24.49,0.01012,1.3124,OFF,ON,1.27411675,1.31237519,24.49,24.21183598,1.252937368
1775248290,0,24.48,0.01012,1.3124,OFF,ON,1.28516912,1.31273091,24.48,24.40628033,1.253276192
1775248290,0,24.44,0.0101,1.3124,OFF,ON,1.27366757,1.31250334,24.44,24.20393356,1.253059431
1775248291,0,24.43,0.0101,1.3124,OFF,ON,1.27054965,1.3122865,24.43,24.14907999,1.252852891
1775248292,0,24.41,0.0101,1.3124,OFF,ON,1.26847982,1.31272614,24.41,24.11266547,1.253271648
1775248293,0,24.4,0.01007,1.3124,OFF,ON,1.26740897,1.31200624,24.4,24.09382601,1.252585944
1775248293,0,24.39,0.01007,1.3124,OFF,ON,1.26702452,1.31204569,24.39,24.08706238,1.25262352
1775248294,0,24.38,0.01005,1.3124,OFF,ON,1.266186,1.31240392,24.38,24.0723103,1.252964734
1775248295,0,24.38,0.01005,1.3124,OFF,ON,1.26548648,1.31202424,24.38,24.06000364,1.252603089
1775248296,0,24.38,0.01005,1.3124,OFF,ON,1.26441443,1.31213796,24.38,24.04114307,1.252711407
