timestamp,ps_1_voltage,ps_1_current,ps_1_output_state,ps_1_oper_cond,ps_1_oper_flags,ps_1_ques_cond,ps_1_fault_flags,ps_1_status_byte,ps_1_errors,ps_2_voltage,ps_2_current,ps_2_output_state,ps_2_oper_cond,ps_2_oper_flags,ps_2_ques_cond,ps_2_fault_flags,ps_2_status_byte,ps_2_errors,,,,Timestamp,V,I,LP,n
1775248131,0.019,0.84099,ON,6,"CC_MODE,NO_FAULT",0,NONE,0,,161.21,1.3124,ON,6,"CC_MODE,NO_FAULT",0,NONE,0,,,,,1775248128,1.91E-02,1.87E-03,2.07E-03,-1.69E-03
1775248132,9.976,1.31244,ON,6,"CC_MODE,NO_FAULT",0,NONE,0,,161.74,1.3125,ON,6,"CC_MODE,NO_FAULT",0,NONE,0,,,,,1775248128,1.92E-02,1.83E-03,-6.74E-04,-1.45E-03
1775248132,9.531,1.31246,ON,6,"CC_MODE,NO_FAULT",0,NONE,0,,163.83,1.3125,ON,6,"CC_MODE,NO_FAULT",0,NONE,0,,,,,1775248129,1.91E-02,1.81E-03,-5.57E-04,-1.41E-03
1775248133,9.021,1.31246,ON,6,"CC_MODE,NO_FAULT",0,NONE,0,,166.18,1.3125,ON,6,"CC_MODE,NO_FAULT",0,NONE,0,,,,,1775248129,1.91E-02,1.83E-03,-2.76E-04,-1.40E-03
1775248134,8.88,1.31246,ON,6,"CC_MODE,NO_FAULT",0,NONE,0,,167.77,1.3125,ON,6,"CC_MODE,NO_FAULT",0,NONE,0,,,,,1775248130,1.94E-02,1.90E-03,4.94E-03,-1.24E-03
1775248135,9.205,1.31246,ON,6,"CC_MODE,NO_FAULT",0,NONE,0,,164.46,1.3125,ON,6,"CC_MODE,NO_FAULT",0,NONE,0,,,,,1775248130,1.91E-02,1.89E-03,7.35E-04,-1.37E-03
1775248136,6.719,1.31246,ON,6,"CC_MODE,NO_FAULT",0,NONE,0,,178,1.3126,ON,6,"CC_MODE,NO_FAULT",0,NONE,0,,,,,1775248131,1.95E-02,1.87E-03,-3.79E-04,-1.09E-03
1775248137,16.415,1.31231,ON,6,"CC_MODE,NO_FAULT",0,NONE,0,,167.42,1.3124,ON,6,"CC_MODE,NO_FAULT",0,NONE,0,,,,,1775248131,1.93E-02,1.86E-03,3.37E-01,5.98E-04
1775248137,7.848,1.31281,ON,6,"CC_MODE,NO_FAULT",0,NONE,0,,682.01,0.0088,ON,5,"CV_MODE,NO_FAULT",0,NONE,0,,,,,1775248132,1.98E+00,1.31E+00,2.27E+01,1.41E-03
1775248138,11.019,1.3125,ON,6,"CC_MODE,NO_FAULT",0,NONE,0,,682.49,0.008,ON,5,"CV_MODE,NO_FAULT",0,NONE,0,,,,,1775248132,1.89E+00,1.31E+00,2.22E+01,2.01E-03
1775248139,12.376,1.31289,ON,6,"CC_MODE,NO_FAULT",0,NONE,0,,682.49,0.0081,ON,6,"CC_MODE,NO_FAULT",0,NONE,0,,,,,1775248133,1.93E+00,1.31E+00,2.28E+01,1.75E-03
1775248140,7.805,1.3125,ON,6,"CC_MODE,NO_FAULT",0,NONE,0,,169.02,1.3125,ON,6,"CC_MODE,NO_FAULT",0,NONE,0,,,,,1775248133,1.97E+00,1.31E+00,2.31E+01,1.97E-03
1775248140,5.242,1.31248,ON,6,"CC_MODE,NO_FAULT",0,NONE,0,,169.71,1.3125,ON,6,"CC_MODE,NO_FAULT",0,NONE,0,,,,,1775248134,2.03E+00,1.31E+00,2.34E+01,2.17E-03
1775248141,10.715,1.31264,ON,6,"CC_MODE,NO_FAULT",0,NONE,0,,682.48,0.0078,ON,6,"CC_MODE,NO_FAULT",0,NONE,0,,,,,1775248134,2.11E+00,1.31E+00,2.36E+01,4.54E-03
1775248142,11.963,1.31246,ON,6,"CC_MODE,NO_FAULT",0,NONE,0,,682.49,0.0075,ON,5,"CV_MODE,NO_FAULT",0,NONE,0,,,,,1775248135,1.96E+00,1.31E+00,2.25E+01,6.08E-03
1775248143,11.605,1.31248,ON,6,"CC_MODE,NO_FAULT",0,NONE,0,,682.49,0.0076,ON,5,"CV_MODE,NO_FAULT",0,NONE,0,,,,,1775248135,2.26E+00,1.31E+00,2.13E+01,1.93E-02
1775248143,12.083,1.31254,ON,6,"CC_MODE,NO_FAULT",0,NONE,0,,276.21,1.2762,ON,5,"CV_MODE,NO_FAULT",0,NONE,0,,,,,1775248136,1.91E+00,1.31E+00,1.41E+01,5.18E-03
1775248144,12.083,1.3125,ON,6,"CC_MODE,NO_FAULT",0,NONE,0,,173.11,1.3133,ON,5,"CV_MODE,NO_FAULT",0,NONE,0,,,,,1775248136,2.01E+00,1.31E+00,1.37E+01,3.27E-02
1775248145,12.148,1.31237,ON,6,"CC_MODE,NO_FAULT",0,NONE,0,,172.53,1.3125,ON,6,"CC_MODE,NO_FAULT",0,NONE,0,,,,,1775248137,2.51E+00,1.38E+00,9.90E+37,-1.01E-01
1775248146,4.764,1.31246,ON,6,"CC_MODE,NO_FAULT",0,NONE,0,,169.54,1.3125,ON,6,"CC_MODE,NO_FAULT",0,NONE,0,,,,,1775248137,2.06E+00,1.31E+00,1.33E+01,-3.39E-02
1775248146,3.233,1.31246,ON,6,"CC_MODE,NO_FAULT",0,NONE,0,,166.01,1.3128,ON,6,"CC_MODE,NO_FAULT",0,NONE,0,,,,,1775248138,3.18E+00,1.30E+00,6.30E+00,2.96E-02
1775248147,4.124,1.31344,ON,6,"CC_MODE,NO_FAULT",0,NONE,0,,164.37,1.2735,ON,6,"CC_MODE,NO_FAULT",0,NONE,0,,,,,1775248138,3.93E+01,6.32E-03,1.63E-01,6.01E-03
1775248148,11.181,1.3126,ON,6,"CC_MODE,NO_FAULT",0,NONE,0,,682.49,0.0076,ON,5,"CV_MODE,NO_FAULT",0,NONE,0,,,,,1775248139,3.95E+01,6.42E-03,1.75E-01,5.43E-03
1775248149,11.996,1.31246,ON,6,"CC_MODE,NO_FAULT",0,NONE,0,,682.5,0.0078,ON,5,"CV_MODE,NO_FAULT",0,NONE,0,,,,,1775248139,3.95E+01,6.59E-03,1.71E-01,4.38E-03
1775248150,11.692,1.3125,ON,6,"CC_MODE,NO_FAULT",0,NONE,0,,682.48,1.1035,ON,5,"CV_MODE,NO_FAULT",0,NONE,0,,,,,1775248140,2.32E+01,1.32E+00,7.53E+00,-1.75E-02
1775248150,11.833,1.31239,ON,6,"CC_MODE,NO_FAULT",0,NONE,0,,682.49,0.0083,ON,5,"CV_MODE,NO_FAULT",0,NONE,0,,,,,1775248140,2.94E+00,1.32E+00,5.33E+00,-1.53E-03
1775248151,9.325,1.31323,ON,6,"CC_MODE,NO_FAULT",0,NONE,0,,172.36,1.3146,ON,6,"CC_MODE,NO_FAULT",0,NONE,0,,,,,1775248141,2.03E+00,1.31E+00,6.73E+00,-6.56E-05
1775248152,6.393,0.03347,OFF,6,"CC_MODE,NO_FAULT",0,NONE,0,,175.74,1.3127,ON,6,"CC_MODE,NO_FAULT",0,NONE,0,,,,,1775248141,2.11E+00,1.31E+00,9.90E+37,-6.91E-02
1775248153,0,0.01155,OFF,4,NO_FAULT,0,NONE,0,,171.05,1.3125,ON,6,"CC_MODE,NO_FAULT",0,NONE,0,,,,,1775248142,3.91E+01,6.13E-03,4.90E-01,6.71E-03
1775248154,0,0.01143,OFF,4,NO_FAULT,0,NONE,0,,160.41,1.3125,ON,6,"CC_MODE,NO_FAULT",0,NONE,0,,,,,1775248142,3.96E+01,6.27E-03,1.98E-01,6.67E-03
1775248154,0,0,OFF,4,NO_FAULT,0,NONE,0,,682.49,0.0072,ON,5,"CV_MODE,NO_FAULT",0,NONE,0,,,,,1775248143,3.95E+01,6.17E-03,2.00E-01,5.98E-03
1775248155,0,0,OFF,4,NO_FAULT,0,NONE,0,,682.5,0.0074,ON,5,"CV_MODE,NO_FAULT",0,NONE,0,,,,,1775248143,3.95E+01,6.16E-03,1.89E-01,-1.91E-01
1775248156,0,0,OFF,4,NO_FAULT,0,NONE,0,,682.49,0.0077,ON,5,"CV_MODE,NO_FAULT",0,NONE,0,,,,,1775248144,3.94E+01,6.29E-03,6.56E-01,-7.51E-01
1775248157,0,0,OFF,4,NO_FAULT,0,NONE,0,,682.5,0.008,ON,5,"CV_MODE,NO_FAULT",0,NONE,0,,,,,1775248144,2.42E+01,2.86E-03,5.42E-01,1.63E-02
1775248157,0,0,OFF,4,NO_FAULT,0,NONE,0,,517.15,0,OFF,4,NO_FAULT,0,NONE,0,,,,,1775248145,3.95E+01,1.39E+00,8.25E+00,1.77E-01
1775248158,0.008,0,OFF,4,NO_FAULT,0,NONE,0,,356.36,0,OFF,4,NO_FAULT,0,NONE,0,,,,,1775248145,1.92E+00,1.32E+00,9.51E+00,6.96E-02
1775248159,0.019,0,OFF,4,NO_FAULT,0,NONE,0,,76,0,OFF,4,NO_FAULT,0,NONE,0,,,,,1775248146,4.21E+00,1.51E+00,6.47E+00,-3.73E-04
1775248160,0.019,0,OFF,4,NO_FAULT,0,NONE,0,,0.02,0,OFF,4,NO_FAULT,0,NONE,0,,,,,1775248146,2.03E+00,1.31E+00,8.23E+00,-7.23E-04
1775248161,0.019,0,OFF,4,NO_FAULT,0,NONE,0,,0.02,0,OFF,4,NO_FAULT,0,NONE,0,,,,,1775248147,2.07E+00,1.31E+00,9.90E+37,6.60E-02
1775248161,0.019,0,OFF,4,NO_FAULT,0,NONE,0,,0.02,0,OFF,4,NO_FAULT,0,NONE,0,,,,,1775248147,1.83E+00,1.40E+00,8.39E+00,-1.66E-02
1775248162,0.019,0,OFF,4,NO_FAULT,0,NONE,0,,0.02,0,OFF,4,NO_FAULT,0,NONE,0,,,,,1775248148,3.50E+00,1.31E+00,8.96E+00,3.49E-02
1775248164,6.925,1.31173,ON,4,NO_FAULT,0,NONE,0,,157.31,1.3125,ON,4,NO_FAULT,0,NONE,0,,,,,1775248148,3.94E+01,5.98E-03,1.75E-01,6.19E-03
1775248164,6.838,1.31244,ON,6,"CC_MODE,NO_FAULT",0,NONE,0,,164.09,1.3125,ON,6,"CC_MODE,NO_FAULT",0,NONE,0,,,,,1775248149,3.95E+01,6.19E-03,1.96E-01,5.96E-03
1775248165,4.905,1.31246,ON,6,"CC_MODE,NO_FAULT",0,NONE,0,,166.51,1.3125,ON,6,"CC_MODE,NO_FAULT",0,NONE,0,,,,,1775248149,3.95E+01,6.44E-03,1.88E-01,5.54E-03
1775248166,5.448,1.31248,ON,6,"CC_MODE,NO_FAULT",0,NONE,0,,163.66,1.3125,ON,6,"CC_MODE,NO_FAULT",0,NONE,0,,,,,1775248150,3.95E+01,6.63E-03,9.07E-02,9.84E-01
1775248167,4.786,1.31246,ON,6,"CC_MODE,NO_FAULT",0,NONE,0,,165.22,1.3125,ON,6,"CC_MODE,NO_FAULT",0,NONE,0,,,,,1775248150,1.37E+01,1.31E+00,1.02E+01,6.37E-02
1775248167,3.744,1.31248,ON,6,"CC_MODE,NO_FAULT",0,NONE,0,,166.49,1.3125,ON,6,"CC_MODE,NO_FAULT",0,NONE,0,,,,,1775248151,3.94E+01,6.92E-03,2.37E-01,6.12E-03
1775248168,2.332,1.31248,ON,6,"CC_MODE,NO_FAULT",0,NONE,0,,167.46,1.3125,ON,6,"CC_MODE,NO_FAULT",0,NONE,0,,,,,1775248151,2.79E+01,1.31E+00,9.90E+37,1.58E-03
1775248169,0.975,1.31277,ON,6,"CC_MODE,NO_FAULT",0,NONE,0,,191.44,1.3124,ON,6,"CC_MODE,NO_FAULT",0,NONE,0,,,,,1775248152,3.15E+00,1.31E+00,1.26E+01,-3.81E-03
1775248170,5.839,1.31256,ON,6,"CC_MODE,NO_FAULT",0,NONE,0,,165.06,1.3125,ON,6,"CC_MODE,NO_FAULT",0,NONE,0,,,,,1775248152,2.35E+00,1.31E+00,8.07E+00,-8.23E-03
1775248171,5.112,1.31252,ON,6,"CC_MODE,NO_FAULT",0,NONE,0,,164.73,1.3125,ON,6,"CC_MODE,NO_FAULT",0,NONE,0,,,,,1775248153,1.78E+00,1.31E+00,8.19E+00,-3.53E-03
1775248172,4.916,1.31248,ON,6,"CC_MODE,NO_FAULT",0,NONE,0,,165.56,1.3125,ON,6,"CC_MODE,NO_FAULT",0,NONE,0,,,,,1775248153,1.91E+00,1.31E+00,5.03E+00,-9.65E-04
1775248172,3.592,1.31246,ON,6,"CC_MODE,NO_FAULT",0,NONE,0,,166.76,1.3125,ON,6,"CC_MODE,NO_FAULT",0,NONE,0,,,,,1775248154,1.77E+00,1.31E+00,5.01E+00,-1.16E-02
1775248173,2.202,1.31248,ON,6,"CC_MODE,NO_FAULT",0,NONE,0,,161.02,1.3126,ON,6,"CC_MODE,NO_FAULT",0,NONE,0,,,,,1775248154,3.84E+00,2.19E-03,5.07E-01,1.85E-02
1775248174,7.924,1.3125,ON,6,"CC_MODE,NO_FAULT",0,NONE,0,,163.78,1.3125,ON,6,"CC_MODE,NO_FAULT",0,NONE,0,,,,,1775248155,3.88E+01,5.43E-03,1.96E-01,6.12E-03
1775248175,3.613,1.31241,ON,6,"CC_MODE,NO_FAULT",0,NONE,0,,173.52,1.3123,ON,6,"CC_MODE,NO_FAULT",0,NONE,0,,,,,1775248155,3.88E+01,5.62E-03,1.85E-01,5.25E-03
1775248175,5.959,1.31254,ON,6,"CC_MODE,NO_FAULT",0,NONE,0,,170.55,1.3149,ON,6,"CC_MODE,NO_FAULT",0,NONE,0,,,,,1775248156,3.88E+01,5.85E-03,1.97E-01,5.26E-03
1775248176,4.417,1.31246,ON,6,"CC_MODE,NO_FAULT",0,NONE,0,,167.12,1.3125,ON,6,"CC_MODE,NO_FAULT",0,NONE,0,,,,,1775248156,3.88E+01,6.03E-03,1.87E-01,4.81E-03
1775248177,3.233,1.31248,ON,6,"CC_MODE,NO_FAULT",0,NONE,0,,168.14,1.3125,ON,6,"CC_MODE,NO_FAULT",0,NONE,0,,,,,1775248157,3.88E+01,6.30E-03,1.91E-01,5.04E-03
1775248178,1.93,1.31248,ON,6,"CC_MODE,NO_FAULT",0,NONE,0,,169.2,1.3125,ON,6,"CC_MODE,NO_FAULT",0,NONE,0,,,,,1775248157,3.88E+01,6.45E-03,1.90E-01,-2.32E-02
1775248178,1.235,1.31248,ON,6,"CC_MODE,NO_FAULT",0,NONE,0,,164.55,1.3125,ON,6,"CC_MODE,NO_FAULT",0,NONE,0,,,,,1775248158,3.45E+01,2.45E-03,4.65E-02,-2.40E-02
1775248179,7.511,1.31252,ON,6,"CC_MODE,NO_FAULT",0,NONE,0,,164.33,1.3125,ON,6,"CC_MODE,NO_FAULT",0,NONE,0,,,,,1775248158,2.81E+01,2.21E-03,1.95E-02,-2.70E-02
1775248180,5.991,1.31246,ON,6,"CC_MODE,NO_FAULT",0,NONE,0,,166,1.3125,ON,6,"CC_MODE,NO_FAULT",0,NONE,0,,,,,1775248159,2.00E+01,2.21E-03,5.77E-03,-2.62E-02
1775248181,4.515,1.31246,ON,6,"CC_MODE,NO_FAULT",0,NONE,0,,167.27,1.3125,ON,6,"CC_MODE,NO_FAULT",0,NONE,0,,,,,1775248159,1.19E+01,2.21E-03,4.78E-03,-1.84E-02
1775248181,1.301,1.31248,ON,6,"CC_MODE,NO_FAULT",0,NONE,0,,166.63,1.3125,ON,6,"CC_MODE,NO_FAULT",0,NONE,0,,,,,1775248160,1.74E+00,2.09E-03,3.02E-02,-3.72E-03
1775248182,1.355,1.31248,ON,6,"CC_MODE,NO_FAULT",0,NONE,0,,167.57,1.3125,ON,6,"CC_MODE,NO_FAULT",0,NONE,0,,,,,1775248160,2.17E-01,2.19E-03,2.96E-02,-1.45E-03
1775248183,0.769,1.31246,ON,6,"CC_MODE,NO_FAULT",0,NONE,0,,168.1,1.3125,ON,6,"CC_MODE,NO_FAULT",0,NONE,0,,,,,1775248161,3.82E-02,2.22E-03,3.38E-02,-1.21E-03
1775248184,0.747,1.31246,ON,6,"CC_MODE,NO_FAULT",0,NONE,0,,168.15,1.3125,ON,6,"CC_MODE,NO_FAULT",0,NONE,0,,,,,1775248162,2.37E-02,2.21E-03,2.42E-02,-1.03E-03
1775248185,0.747,1.31246,OFF,4,NO_FAULT,0,NONE,0,,169.11,1.3125,ON,6,"CC_MODE,NO_FAULT",0,NONE,0,,,,,1775248162,2.13E-02,2.21E-03,2.89E-02,-1.03E-03
1775248185,0,0.01158,OFF,4,NO_FAULT,0,NONE,0,,169.16,1.3125,ON,6,"CC_MODE,NO_FAULT",0,NONE,0,,,,,1775248163,1.99E-02,2.18E-03,2.15E-02,-1.08E-03
1775248186,0,0.01149,OFF,4,NO_FAULT,0,NONE,0,,169.13,1.3125,ON,6,"CC_MODE,NO_FAULT",0,NONE,0,,,,,1775248163,1.89E-02,2.22E-03,2.01E-02,-1.13E-03
1775248187,0,0.01139,OFF,4,NO_FAULT,0,NONE,0,,169.11,1.3125,ON,6,"CC_MODE,NO_FAULT",0,NONE,0,,,,,1775248164,1.83E-02,2.21E-03,2.15E-02,-1.02E-03
1775248188,0,0.01135,OFF,4,NO_FAULT,0,NONE,0,,172.43,1.3125,ON,6,"CC_MODE,NO_FAULT",0,NONE,0,,,,,1775248164,1.79E+00,1.21E+00,2.41E+01,-1.50E-02
1775248189,0,0.01126,OFF,4,NO_FAULT,0,NONE,0,,169.12,1.3125,ON,6,"CC_MODE,NO_FAULT",0,NONE,0,,,,,1775248165,1.67E+00,1.31E+00,1.74E+01,1.13E-03
1775248189,0,0.01122,OFF,4,NO_FAULT,0,NONE,0,,169.1,1.3125,ON,6,"CC_MODE,NO_FAULT",0,NONE,0,,,,,1775248165,1.81E+00,1.31E+00,1.69E+01,2.03E-03
1775248190,0,0.01114,OFF,4,NO_FAULT,0,NONE,0,,169.12,1.3125,ON,6,"CC_MODE,NO_FAULT",0,NONE,0,,,,,1775248166,1.85E+00,1.31E+00,1.74E+01,2.05E-03
1775248191,0,0.0111,OFF,4,NO_FAULT,0,NONE,0,,169.07,1.3125,ON,6,"CC_MODE,NO_FAULT",0,NONE,0,,,,,1775248166,1.91E+00,1.31E+00,4.17E+00,1.94E-03
1775248192,0,0.01105,OFF,4,NO_FAULT,0,NONE,0,,169.04,1.3125,ON,6,"CC_MODE,NO_FAULT",0,NONE,0,,,,,1775248167,1.75E+00,1.31E+00,4.70E+00,2.33E-04
1775248192,0,0.01101,OFF,4,NO_FAULT,0,NONE,0,,168.99,1.3125,ON,6,"CC_MODE,NO_FAULT",0,NONE,0,,,,,1775248167,1.78E+00,1.31E+00,4.73E+00,-2.09E-04
1775248193,0,0.01097,OFF,4,NO_FAULT,0,NONE,0,,168.93,1.3125,ON,6,"CC_MODE,NO_FAULT",0,NONE,0,,,,,1775248168,1.79E+00,1.31E+00,4.59E+00,-3.43E-04
1775248194,0,0.01095,OFF,4,NO_FAULT,0,NONE,0,,168.92,1.3125,ON,6,"CC_MODE,NO_FAULT",0,NONE,0,,,,,1775248168,1.79E+00,1.31E+00,4.36E+00,-2.70E-04
1775248195,0,0.01091,OFF,4,NO_FAULT,0,NONE,0,,168.84,1.3125,ON,6,"CC_MODE,NO_FAULT",0,NONE,0,,,,,1775248169,1.77E+00,1.31E+00,4.19E+00,-2.43E-04
1775248195,0,0.01089,OFF,4,NO_FAULT,0,NONE,0,,168.78,1.3125,ON,6,"CC_MODE,NO_FAULT",0,NONE,0,,,,,1775248169,1.76E+00,1.31E+00,3.91E+00,7.04E-03
1775248196,0,0.01087,OFF,4,NO_FAULT,0,NONE,0,,38.29,1.3124,ON,6,"CC_MODE,NO_FAULT",0,NONE,0,,,,,1775248170,1.47E+00,1.35E+00,9.90E+37,-2.42E-02
1775248197,0,0.01087,OFF,4,NO_FAULT,0,NONE,0,,38.25,1.3124,ON,6,"CC_MODE,NO_FAULT",0,NONE,0,,,,,1775248170,1.79E+00,1.32E+00,1.60E+01,-4.95E-02
1775248198,0,0.01083,OFF,4,NO_FAULT,0,NONE,0,,38.25,1.3124,ON,6,"CC_MODE,NO_FAULT",0,NONE,0,,,,,1775248171,3.72E+00,1.31E+00,8.12E+00,-2.65E-03
1775248199,0,0.0108,OFF,4,NO_FAULT,0,NONE,0,,38.23,1.3124,ON,6,"CC_MODE,NO_FAULT",0,NONE,0,,,,,1775248171,1.97E+00,1.31E+00,8.57E+00,2.68E-02
1775248199,0,0.01078,OFF,4,NO_FAULT,0,NONE,0,,32.4,1.3124,ON,6,"CC_MODE,NO_FAULT",0,NONE,0,,,,,1775248172,1.80E+00,1.31E+00,1.10E+01,3.06E-04
1775248200,0,0.0108,OFF,4,NO_FAULT,0,NONE,0,,32.4,1.3124,ON,6,"CC_MODE,NO_FAULT",0,NONE,0,,,,,1775248172,1.81E+00,1.31E+00,1.06E+01,2.06E-05
1775248201,0,0.01076,OFF,4,NO_FAULT,0,NONE,0,,32.39,1.3124,ON,6,"CC_MODE,NO_FAULT",0,NONE,0,,,,,1775248173,1.79E+00,1.31E+00,1.03E+01,2.47E-04
1775248202,0,0.01072,OFF,4,NO_FAULT,0,NONE,0,,32.4,1.3124,ON,6,"CC_MODE,NO_FAULT",0,NONE,0,,,,,1775248173,1.78E+00,1.31E+00,1.00E+01,-7.04E-04
1775248203,0,0.0107,OFF,4,NO_FAULT,0,NONE,0,,32.41,1.3124,ON,6,"CC_MODE,NO_FAULT",0,NONE,0,,,,,1775248174,1.63E+00,1.31E+00,3.82E+00,3.30E-02
1775248203,0,0.01066,OFF,4,NO_FAULT,0,NONE,0,,32.43,1.3124,ON,6,"CC_MODE,NO_FAULT",0,NONE,0,,,,,1775248174,1.68E+00,1.31E+00,4.84E+00,-8.06E-03
1775248204,0,0.01064,OFF,4,NO_FAULT,0,NONE,0,,32.45,1.3124,ON,6,"CC_MODE,NO_FAULT",0,NONE,0,,,,,1775248175,1.42E+00,1.31E+00,5.14E+00,4.97E-03
1775248205,0,0.01062,OFF,4,NO_FAULT,0,NONE,0,,32.47,1.3124,ON,6,"CC_MODE,NO_FAULT",0,NONE,0,,,,,1775248175,1.27E+00,1.30E+00,9.90E+37,-4.16E-02
1775248206,0,0.0106,OFF,4,NO_FAULT,0,NONE,0,,32.51,1.3124,ON,6,"CC_MODE,NO_FAULT",0,NONE,0,,,,,1775248176,2.18E+00,1.31E+00,3.24E+00,3.26E-02
1775248206,0,0.01058,OFF,4,NO_FAULT,0,NONE,0,,32.58,1.3124,ON,6,"CC_MODE,NO_FAULT",0,NONE,0,,,,,1775248176,2.28E+00,1.31E+00,1.19E+01,3.81E-04
1775248207,0,0.01055,OFF,4,NO_FAULT,0,NONE,0,,32.65,1.3124,ON,6,"CC_MODE,NO_FAULT",0,NONE,0,,,,,1775248177,1.87E+00,1.31E+00,1.17E+01,4.63E-04
1775248208,0,0.01053,OFF,4,NO_FAULT,0,NONE,0,,32.71,1.3124,ON,6,"CC_MODE,NO_FAULT",0,NONE,0,,,,,1775248177,1.86E+00,1.31E+00,1.11E+01,3.00E-04
1775248209,0,0.01051,OFF,4,NO_FAULT,0,NONE,0,,31.7,1.3125,ON,6,"CC_MODE,NO_FAULT",0,NONE,0,,,,,1775248178,1.83E+00,1.31E+00,1.12E+01,4.17E-04
1775248209,0,0.01047,OFF,4,NO_FAULT,0,NONE,0,,682.49,0.0137,ON,5,"CV_MODE,NO_FAULT",0,NONE,0,,,,,1775248178,1.83E+00,1.31E+00,1.10E+01,8.08E-04
1775248210,0,0,OFF,4,NO_FAULT,0,NONE,0,,682.49,0.0145,ON,5,"CV_MODE,NO_FAULT",0,NONE,0,,,,,1775248179,1.85E+00,1.31E+00,1.13E+01,3.43E-02
1775248211,0,0,OFF,4,NO_FAULT,0,NONE,0,,682.49,0.0161,ON,5,"CV_MODE,NO_FAULT",0,NONE,0,,,,,1775248179,1.86E+00,1.31E+00,1.08E+01,2.73E-03
1775248212,0,0,OFF,4,NO_FAULT,0,NONE,0,,682.5,0.0172,ON,5,"CV_MODE,NO_FAULT",0,NONE,0,,,,,1775248180,1.98E+00,1.31E+00,1.11E+01,1.07E-03
1775248213,0,0,OFF,4,NO_FAULT,0,NONE,0,,493.11,0,OFF,4,NO_FAULT,0,NONE,0,,,,,1775248180,1.88E+00,1.31E+00,1.11E+01,2.19E-03
1775248214,0.008,0,OFF,4,NO_FAULT,0,NONE,0,,324.99,0,OFF,4,NO_FAULT,0,NONE,0,,,,,1775248181,1.87E+00,1.31E+00,1.15E+01,1.92E-03
1775248214,0.019,0,OFF,4,NO_FAULT,0,NONE,0,,31.56,0,OFF,4,NO_FAULT,0,NONE,0,,,,,1775248181,1.88E+00,1.31E+00,1.19E+01,2.72E-03
1775248215,0.019,0,OFF,4,NO_FAULT,0,NONE,0,,0.02,0,OFF,4,NO_FAULT,0,NONE,0,,,,,1775248182,1.90E+00,1.31E+00,9.40E+00,1.29E-03
1775248216,0.019,0,OFF,4,NO_FAULT,0,NONE,0,,0.02,0,OFF,4,NO_FAULT,0,NONE,0,,,,,1775248182,1.71E+00,1.31E+00,1.09E+01,7.92E-04
1775248217,0.019,0,OFF,4,NO_FAULT,0,NONE,0,,0.01,0,OFF,4,NO_FAULT,0,NONE,0,,,,,1775248183,1.72E+00,1.31E+00,1.12E+01,6.09E-04
1775248217,0.019,0,OFF,4,NO_FAULT,0,NONE,0,,0.01,0,OFF,4,NO_FAULT,0,NONE,0,,,,,1775248183,1.73E+00,1.31E+00,1.13E+01,1.49E-03
1775248219,11.377,1.31133,ON,4,NO_FAULT,0,NONE,0,,682.49,0.0293,ON,4,NO_FAULT,0,NONE,0,,,,,1775248184,1.73E+00,1.31E+00,1.14E+01,1.23E-03
1775248220,12.474,1.31258,ON,6,"CC_MODE,NO_FAULT",0,NONE,0,,682.49,0.0287,ON,5,"CV_MODE,NO_FAULT",0,NONE,0,,,,,1775248184,1.73E+00,1.31E+00,1.15E+01,1.17E-03
1775248220,12.083,1.3125,ON,6,"CC_MODE,NO_FAULT",0,NONE,0,,682.49,0.0292,ON,5,"CV_MODE,NO_FAULT",0,NONE,0,,,,,1775248185,1.73E+00,1.31E+00,1.15E+01,9.92E-04
1775248221,12.723,1.31241,ON,6,"CC_MODE,NO_FAULT",0,NONE,0,,682.49,0.0294,ON,5,"CV_MODE,NO_FAULT",0,NONE,0,,,,,1775248185,1.74E+00,1.31E+00,1.16E+01,1.43E-03
1775248222,0,0,OFF,6,"CC_MODE,NO_FAULT",0,NONE,0,,521.55,0,OFF,5,"CV_MODE,NO_FAULT",0,NONE,0,,,,,1775248186,1.74E+00,1.31E+00,1.16E+01,1.10E-03
1775248223,0,0,OFF,4,NO_FAULT,0,NONE,0,,287.84,0,OFF,4,NO_FAULT,0,NONE,0,,,,,1775248186,1.74E+00,1.31E+00,1.16E+01,8.40E-04
1775248224,0.019,0,OFF,4,NO_FAULT,0,NONE,0,,66.58,0,OFF,4,NO_FAULT,0,NONE,0,,,,,1775248187,1.74E+00,1.31E+00,1.16E+01,8.39E-04
1775248224,0.019,0,OFF,4,NO_FAULT,0,NONE,0,,0.02,0,OFF,4,NO_FAULT,0,NONE,0,,,,,1775248187,1.74E+00,1.31E+00,1.17E+01,7.86E-04
1775248225,0.019,0,OFF,4,NO_FAULT,0,NONE,0,,0.02,0,OFF,4,NO_FAULT,0,NONE,0,,,,,1775248188,1.74E+00,1.31E+00,1.18E+01,1.14E-03
1775248226,0.019,0,OFF,4,NO_FAULT,0,NONE,0,,0.01,0,OFF,4,NO_FAULT,0,NONE,0,,,,,1775248188,1.88E+00,1.31E+00,1.11E+01,3.06E-04
1775248227,0.019,0,OFF,4,NO_FAULT,0,NONE,0,,0.01,0,OFF,4,NO_FAULT,0,NONE,0,,,,,1775248189,1.73E+00,1.31E+00,1.12E+01,1.49E-03
1775248228,5.731,1.31252,ON,6,"CC_MODE,NO_FAULT",0,NONE,0,,165.34,1.3124,ON,6,"CC_MODE,NO_FAULT",0,NONE,0,,,,,1775248189,1.74E+00,1.31E+00,1.16E+01,4.87E-04
1775248229,6.621,1.31244,ON,6,"CC_MODE,NO_FAULT",0,NONE,0,,166.69,1.3125,ON,6,"CC_MODE,NO_FAULT",0,NONE,0,,,,,1775248190,1.73E+00,1.31E+00,1.18E+01,5.56E-04
1775248230,5.123,1.31246,ON,6,"CC_MODE,NO_FAULT",0,NONE,0,,167.29,1.3125,ON,6,"CC_MODE,NO_FAULT",0,NONE,0,,,,,1775248190,1.74E+00,1.31E+00,1.20E+01,5.87E-04
1775248231,3.146,1.31246,ON,6,"CC_MODE,NO_FAULT",0,NONE,0,,167.91,1.3125,ON,6,"CC_MODE,NO_FAULT",0,NONE,0,,,,,1775248191,1.73E+00,1.31E+00,1.20E+01,5.25E-04
1775248231,2.147,1.31246,ON,6,"CC_MODE,NO_FAULT",0,NONE,0,,168.21,1.3125,ON,6,"CC_MODE,NO_FAULT",0,NONE,0,,,,,1775248191,1.73E+00,1.31E+00,1.22E+01,2.43E-03
1775248232,0.942,1.31246,ON,6,"CC_MODE,NO_FAULT",0,NONE,0,,168.29,1.3125,ON,6,"CC_MODE,NO_FAULT",0,NONE,0,,,,,1775248192,1.73E+00,1.31E+00,1.22E+01,1.43E-03
1775248233,0.747,1.31246,ON,6,"CC_MODE,NO_FAULT",0,NONE,0,,167.62,1.3125,ON,6,"CC_MODE,NO_FAULT",0,NONE,0,,,,,1775248192,1.73E+00,1.31E+00,1.23E+01,2.89E-03
1775248234,0.758,1.31246,ON,6,"CC_MODE,NO_FAULT",0,NONE,0,,167.27,1.3125,ON,6,"CC_MODE,NO_FAULT",0,NONE,0,,,,,1775248193,1.73E+00,1.31E+00,1.23E+01,1.47E-03
1775248234,0.758,1.31246,ON,6,"CC_MODE,NO_FAULT",0,NONE,0,,167.09,1.3125,ON,6,"CC_MODE,NO_FAULT",0,NONE,0,,,,,1775248193,1.73E+00,1.31E+00,1.23E+01,9.09E-04
1775248235,0.758,1.31246,ON,6,"CC_MODE,NO_FAULT",0,NONE,0,,166.91,1.3125,ON,6,"CC_MODE,NO_FAULT",0,NONE,0,,,,,1775248194,1.72E+00,1.31E+00,1.24E+01,1.20E-03
1775248236,0.758,1.31246,ON,6,"CC_MODE,NO_FAULT",0,NONE,0,,166.82,1.3125,ON,6,"CC_MODE,NO_FAULT",0,NONE,0,,,,,1775248194,1.72E+00,1.31E+00,1.25E+01,8.51E-04
1775248237,0.758,1.31246,ON,6,"CC_MODE,NO_FAULT",0,NONE,0,,166.76,1.3125,ON,6,"CC_MODE,NO_FAULT",0,NONE,0,,,,,1775248195,1.72E+00,1.31E+00,1.25E+01,7.31E-04
1775248237,0.758,1.31246,ON,6,"CC_MODE,NO_FAULT",0,NONE,0,,166.71,1.3125,ON,6,"CC_MODE,NO_FAULT",0,NONE,0,,,,,1775248195,1.72E+00,1.31E+00,1.25E+01,8.95E-04
1775248238,0.758,1.31246,ON,6,"CC_MODE,NO_FAULT",0,NONE,0,,166.73,1.3125,ON,6,"CC_MODE,NO_FAULT",0,NONE,0,,,,,1775248196,1.72E+00,1.31E+00,1.25E+01,8.18E-04
1775248239,0.769,1.31246,ON,6,"CC_MODE,NO_FAULT",0,NONE,0,,166.77,1.3125,ON,6,"CC_MODE,NO_FAULT",0,NONE,0,,,,,1775248197,1.71E+00,1.47E+00,1.24E+01,-2.85E-04
1775248240,0.769,1.31246,ON,6,"CC_MODE,NO_FAULT",0,NONE,0,,166.78,1.3125,ON,6,"CC_MODE,NO_FAULT",0,NONE,0,,,,,1775248197,1.72E+00,1.31E+00,1.20E+01,6.54E-04
1775248241,0.79,1.31246,ON,6,"CC_MODE,NO_FAULT",0,NONE,0,,166.85,1.3125,ON,6,"CC_MODE,NO_FAULT",0,NONE,0,,,,,1775248198,1.72E+00,1.31E+00,1.24E+01,6.78E-04
1775248241,0.801,1.31246,ON,6,"CC_MODE,NO_FAULT",0,NONE,0,,166.9,1.3125,ON,6,"CC_MODE,NO_FAULT",0,NONE,0,,,,,1775248198,1.72E+00,1.31E+00,1.26E+01,6.76E-04
1775248242,0.812,1.31246,ON,6,"CC_MODE,NO_FAULT",0,NONE,0,,166.96,1.3125,ON,6,"CC_MODE,NO_FAULT",0,NONE,0,,,,,1775248199,1.72E+00,1.31E+00,1.27E+01,4.99E-04
1775248243,0.79,1.31246,ON,6,"CC_MODE,NO_FAULT",0,NONE,0,,166.43,1.3125,ON,6,"CC_MODE,NO_FAULT",0,NONE,0,,,,,1775248199,1.72E+00,1.31E+00,1.28E+01,6.52E-04
1775248244,0.812,1.3125,ON,6,"CC_MODE,NO_FAULT",0,NONE,0,,163.26,1.3125,ON,6,"CC_MODE,NO_FAULT",0,NONE,0,,,,,1775248200,1.72E+00,1.31E+00,1.29E+01,-4.49E-04
1775248245,4.428,1.31246,ON,6,"CC_MODE,NO_FAULT",0,NONE,0,,164.4,1.3125,ON,6,"CC_MODE,NO_FAULT",0,NONE,0,,,,,1775248200,1.72E+00,1.31E+00,1.30E+01,6.84E-04
1775248245,3.526,1.31246,ON,6,"CC_MODE,NO_FAULT",0,NONE,0,,164.96,1.3125,ON,6,"CC_MODE,NO_FAULT",0,NONE,0,,,,,1775248201,1.72E+00,1.31E+00,1.30E+01,5.94E-04
1775248246,1.615,1.31248,ON,6,"CC_MODE,NO_FAULT",0,NONE,0,,165.04,1.3125,ON,6,"CC_MODE,NO_FAULT",0,NONE,0,,,,,1775248201,1.72E+00,1.31E+00,1.31E+01,6.42E-04
1775248247,1.116,1.31246,ON,6,"CC_MODE,NO_FAULT",0,NONE,0,,165.82,1.3125,ON,6,"CC_MODE,NO_FAULT",0,NONE,0,,,,,1775248202,1.72E+00,1.31E+00,1.32E+01,5.76E-04
1775248248,0.758,1.31246,ON,6,"CC_MODE,NO_FAULT",0,NONE,0,,165.97,1.3125,ON,6,"CC_MODE,NO_FAULT",0,NONE,0,,,,,1775248202,1.72E+00,1.31E+00,1.32E+01,5.20E-04
1775248248,0.747,1.31246,ON,6,"CC_MODE,NO_FAULT",0,NONE,0,,166.03,1.3125,ON,6,"CC_MODE,NO_FAULT",0,NONE,0,,,,,1775248203,1.72E+00,1.31E+00,1.33E+01,7.73E-04
1775248249,0,1.31246,OFF,6,"CC_MODE,NO_FAULT",0,NONE,0,,167.12,1.3125,ON,6,"CC_MODE,NO_FAULT",0,NONE,0,,,,,1775248203,1.72E+00,1.31E+00,1.33E+01,6.82E-04
1775248250,0,0.01143,OFF,4,NO_FAULT,0,NONE,0,,167.35,1.3125,ON,6,"CC_MODE,NO_FAULT",0,NONE,0,,,,,1775248204,1.72E+00,1.31E+00,1.34E+01,8.78E-04
1775248251,0,0.01128,OFF,4,NO_FAULT,0,NONE,0,,167.51,1.3125,ON,6,"CC_MODE,NO_FAULT",0,NONE,0,,,,,1775248204,1.72E+00,1.31E+00,1.34E+01,9.25E-04
1775248251,0,0.01122,OFF,4,NO_FAULT,0,NONE,0,,167.77,1.3125,ON,6,"CC_MODE,NO_FAULT",0,NONE,0,,,,,1775248205,1.72E+00,1.31E+00,1.35E+01,9.67E-04
1775248252,0,0.01114,OFF,4,NO_FAULT,0,NONE,0,,167.91,1.3125,ON,6,"CC_MODE,NO_FAULT",0,NONE,0,,,,,1775248205,1.72E+00,1.31E+00,1.35E+01,9.47E-04
1775248253,0,0.0111,OFF,4,NO_FAULT,0,NONE,0,,168.09,1.3125,ON,6,"CC_MODE,NO_FAULT",0,NONE,0,,,,,1775248206,1.73E+00,1.31E+00,1.36E+01,9.45E-04
1775248254,0,0.01103,OFF,4,NO_FAULT,0,NONE,0,,168.3,1.3125,ON,6,"CC_MODE,NO_FAULT",0,NONE,0,,,,,1775248206,1.73E+00,1.31E+00,1.36E+01,1.72E-03
1775248255,0,0.01099,OFF,4,NO_FAULT,0,NONE,0,,168.42,1.3125,ON,6,"CC_MODE,NO_FAULT",0,NONE,0,,,,,1775248207,1.73E+00,1.31E+00,1.37E+01,1.18E-03
1775248255,0,0.01093,OFF,4,NO_FAULT,0,NONE,0,,168.6,1.3125,ON,6,"CC_MODE,NO_FAULT",0,NONE,0,,,,,1775248207,1.73E+00,1.31E+00,1.38E+01,1.36E-03
1775248256,0,0.01091,OFF,4,NO_FAULT,0,NONE,0,,168.64,1.3125,ON,6,"CC_MODE,NO_FAULT",0,NONE,0,,,,,1775248208,1.74E+00,1.31E+00,1.38E+01,4.04E-03
1775248257,0,0.01087,OFF,4,NO_FAULT,0,NONE,0,,168.63,1.3125,ON,6,"CC_MODE,NO_FAULT",0,NONE,0,,,,,1775248208,1.74E+00,1.31E+00,1.39E+01,1.47E-03
1775248258,0,0.01083,OFF,4,NO_FAULT,0,NONE,0,,168.64,1.3125,ON,6,"CC_MODE,NO_FAULT",0,NONE,0,,,,,1775248209,1.74E+00,1.31E+00,1.30E+01,1.59E-03
1775248259,0,0.01087,OFF,4,NO_FAULT,0,NONE,0,,33.91,1.3116,ON,6,"CC_MODE,NO_FAULT",0,NONE,0,,,,,1775248209,1.70E+00,1.31E+00,1.22E+01,-4.42E-04
1775248259,0,0.01066,OFF,4,NO_FAULT,0,NONE,0,,36.78,1.3124,ON,6,"CC_MODE,NO_FAULT",0,NONE,0,,,,,1775248210,1.57E+00,1.92E+00,6.71E-01,2.62E-02
1775248260,0,0.0107,OFF,4,NO_FAULT,0,NONE,0,,36.31,1.3124,ON,6,"CC_MODE,NO_FAULT",0,NONE,0,,,,,1775248210,3.88E+01,2.70E-03,4.36E-01,1.34E-02
1775248261,0,0.01068,OFF,4,NO_FAULT,0,NONE,0,,30.3,1.3124,ON,6,"CC_MODE,NO_FAULT",0,NONE,0,,,,,1775248211,3.89E+01,1.33E-02,4.82E-01,1.30E-02
1775248262,0,0.01064,OFF,4,NO_FAULT,0,NONE,0,,29.91,1.3124,ON,6,"CC_MODE,NO_FAULT",0,NONE,0,,,,,1775248211,3.89E+01,1.42E-02,4.78E-01,1.32E-02
1775248262,0,0.01064,OFF,4,NO_FAULT,0,NONE,0,,29.47,1.3124,ON,6,"CC_MODE,NO_FAULT",0,NONE,0,,,,,1775248212,3.89E+01,1.54E-02,5.13E-01,1.33E-02
1775248263,0,0.0106,OFF,4,NO_FAULT,0,NONE,0,,28.62,1.3124,ON,6,"CC_MODE,NO_FAULT",0,NONE,0,,,,,1775248212,3.89E+01,1.60E-02,5.17E-01,1.35E-02
1775248264,0,0.01058,OFF,4,NO_FAULT,0,NONE,0,,26.92,1.3124,ON,6,"CC_MODE,NO_FAULT",0,NONE,0,,,,,1775248213,3.82E+01,9.06E-03,2.37E-01,-2.54E-02
1775248265,0,0.01055,OFF,4,NO_FAULT,0,NONE,0,,24.84,1.3124,ON,6,"CC_MODE,NO_FAULT",0,NONE,0,,,,,1775248213,2.97E+01,2.78E-03,1.09E-01,-2.38E-02
1775248265,0,0.01053,OFF,4,NO_FAULT,0,NONE,0,,24.04,1.3124,ON,6,"CC_MODE,NO_FAULT",0,NONE,0,,,,,1775248214,2.16E+01,2.67E-03,7.91E-02,-3.01E-02
1775248266,0,0.01051,OFF,4,NO_FAULT,0,NONE,0,,23.7,1.3124,ON,6,"CC_MODE,NO_FAULT",0,NONE,0,,,,,1775248214,1.38E+01,2.72E-03,5.70E-02,-2.14E-02
1775248267,0,0.01049,OFF,4,NO_FAULT,0,NONE,0,,23.39,1.3124,ON,6,"CC_MODE,NO_FAULT",0,NONE,0,,,,,1775248215,2.32E+00,2.64E-03,8.14E-02,-2.75E-03
1775248268,0,0.01047,OFF,4,NO_FAULT,0,NONE,0,,23.18,1.3124,ON,6,"CC_MODE,NO_FAULT",0,NONE,0,,,,,1775248215,1.92E-01,2.68E-03,7.38E-02,4.10E-05
1775248268,0,0.01047,OFF,4,NO_FAULT,0,NONE,0,,23.07,1.3124,ON,6,"CC_MODE,NO_FAULT",0,NONE,0,,,,,1775248216,4.05E-02,2.75E-03,6.57E-02,-6.56E-05
1775248269,0,0.01045,OFF,4,NO_FAULT,0,NONE,0,,22.98,1.3124,ON,6,"CC_MODE,NO_FAULT",0,NONE,0,,,,,1775248216,3.00E-02,2.71E-03,4.98E-02,-1.24E-04
1775248270,0,0.01043,OFF,4,NO_FAULT,0,NONE,0,,22.83,1.3124,ON,6,"CC_MODE,NO_FAULT",0,NONE,0,,,,,1775248217,2.51E-02,2.71E-03,5.40E-02,-1.77E-05
1775248271,0,0.01041,OFF,4,NO_FAULT,0,NONE,0,,22.81,1.3124,ON,6,"CC_MODE,NO_FAULT",0,NONE,0,,,,,1775248217,2.40E-02,2.70E-03,3.80E-02,-1.42E-03
1775248272,0,0.01039,OFF,4,NO_FAULT,0,NONE,0,,22.8,1.3124,ON,6,"CC_MODE,NO_FAULT",0,NONE,0,,,,,1775248218,2.08E-02,2.68E-03,4.08E-02,-5.99E-04
1775248273,0,0.01037,OFF,4,NO_FAULT,0,NONE,0,,22.8,1.3124,ON,6,"CC_MODE,NO_FAULT",0,NONE,0,,,,,1775248218,2.17E-02,2.69E-03,3.60E-02,-3.99E-04
1775248273,0,0.01037,OFF,4,NO_FAULT,0,NONE,0,,22.81,1.3124,ON,6,"CC_MODE,NO_FAULT",0,NONE,0,,,,,1775248219,2.08E-02,2.74E-03,1.70E-01,6.94E-01
1775248274,0,0.01035,OFF,4,NO_FAULT,0,NONE,0,,22.86,1.3124,ON,6,"CC_MODE,NO_FAULT",0,NONE,0,,,,,1775248219,3.92E+01,2.78E-02,7.92E-01,1.88E-02
1775248275,0,0.01032,OFF,4,NO_FAULT,0,NONE,0,,22.91,1.3124,ON,6,"CC_MODE,NO_FAULT",0,NONE,0,,,,,1775248220,3.94E+01,2.82E-02,5.41E-01,1.04E-02
1775248276,0,0.01032,OFF,4,NO_FAULT,0,NONE,0,,22.99,1.3124,ON,6,"CC_MODE,NO_FAULT",0,NONE,0,,,,,1775248220,3.94E+01,2.84E-02,4.01E-01,9.74E-03
1775248276,0,0.0103,OFF,4,NO_FAULT,0,NONE,0,,23.13,1.3124,ON,6,"CC_MODE,NO_FAULT",0,NONE,0,,,,,1775248221,3.94E+01,2.86E-02,3.33E-01,8.90E-03
1775248277,0,0.01028,OFF,4,NO_FAULT,0,NONE,0,,23.3,1.3124,ON,6,"CC_MODE,NO_FAULT",0,NONE,0,,,,,1775248222,3.94E+01,2.88E-02,2.46E-01,7.00E-03
1775248278,0,0.01028,OFF,4,NO_FAULT,0,NONE,0,,23.43,1.3124,ON,6,"CC_MODE,NO_FAULT",0,NONE,0,,,,,1775248222,3.94E+01,2.92E-02,2.14E-01,-1.43E-02
1775248279,0,0.01026,OFF,4,NO_FAULT,0,NONE,0,,23.65,1.3124,ON,6,"CC_MODE,NO_FAULT",0,NONE,0,,,,,1775248223,3.49E+01,7.20E-03,7.14E-02,-2.82E-02
1775248279,0,0.01026,OFF,4,NO_FAULT,0,NONE,0,,23.87,1.3124,ON,6,"CC_MODE,NO_FAULT",0,NONE,0,,,,,1775248223,2.53E+01,2.79E-03,4.37E-02,-2.78E-02
1775248280,0,0.01024,OFF,4,NO_FAULT,0,NONE,0,,24.01,1.3124,ON,6,"CC_MODE,NO_FAULT",0,NONE,0,,,,,1775248224,1.81E+01,2.76E-03,1.82E-02,-2.77E-02
1775248281,0,0.01022,OFF,4,NO_FAULT,0,NONE,0,,24.19,1.3124,ON,6,"CC_MODE,NO_FAULT",0,NONE,0,,,,,1775248224,7.76E+00,2.76E-03,2.85E-02,-1.43E-02
1775248282,0,0.01022,OFF,4,NO_FAULT,0,NONE,0,,24.32,1.3124,ON,6,"CC_MODE,NO_FAULT",0,NONE,0,,,,,1775248225,1.04E+00,2.70E-03,5.08E-02,-1.56E-03
1775248282,0,0.0102,OFF,4,NO_FAULT,0,NONE,0,,24.38,1.3124,ON,6,"CC_MODE,NO_FAULT",0,NONE,0,,,,,1775248225,1.03E-01,2.80E-03,5.43E-02,-2.33E-04
1775248283,0,0.0102,OFF,4,NO_FAULT,0,NONE,0,,24.45,1.3124,ON,6,"CC_MODE,NO_FAULT",0,NONE,0,,,,,1775248226,2.70E-02,2.74E-03,4.77E-02,-2.23E-04
1775248284,0,0.01018,OFF,4,NO_FAULT,0,NONE,0,,24.49,1.3124,ON,6,"CC_MODE,NO_FAULT",0,NONE,0,,,,,1775248226,2.32E-02,2.77E-03,3.32E-02,-4.03E-04
1775248285,0,0.01016,OFF,4,NO_FAULT,0,NONE,0,,24.53,1.3124,ON,6,"CC_MODE,NO_FAULT",0,NONE,0,,,,,1775248227,2.15E-02,2.74E-03,3.69E-02,-1.09E-04
1775248286,0,0.01016,OFF,4,NO_FAULT,0,NONE,0,,24.54,1.3124,ON,6,"CC_MODE,NO_FAULT",0,NONE,0,,,,,1775248227,2.04E-02,2.81E-03,3.83E-02,-1.97E-04
1775248286,0,0.01016,OFF,4,NO_FAULT,0,NONE,0,,24.54,1.3124,ON,6,"CC_MODE,NO_FAULT",0,NONE,0,,,,,1775248228,1.96E-02,2.74E-03,3.55E-02,-2.14E-04
1775248287,0,0.01014,OFF,4,NO_FAULT,0,NONE,0,,24.54,1.3124,ON,6,"CC_MODE,NO_FAULT",0,NONE,0,,,,,1775248228,1.91E-02,2.76E-03,2.72E-02,1.31E-01
1775248288,0,0.01014,OFF,4,NO_FAULT,0,NONE,0,,24.54,1.3124,ON,6,"CC_MODE,NO_FAULT",0,NONE,0,,,,,1775248229,2.14E+00,1.31E+00,1.92E+01,2.26E-03
1775248289,0,0.01012,OFF,4,NO_FAULT,0,NONE,0,,24.49,1.3124,ON,6,"CC_MODE,NO_FAULT",0,NONE,0,,,,,1775248229,1.97E+00,1.31E+00,2.01E+01,1.85E-03
1775248290,0,0.01012,OFF,4,NO_FAULT,0,NONE,0,,24.48,1.3124,ON,6,"CC_MODE,NO_FAULT",0,NONE,0,,,,,1775248230,1.94E+00,1.31E+00,1.97E+01,1.93E-03
1775248290,0,0.0101,OFF,4,NO_FAULT,0,NONE,0,,24.44,1.3124,ON,6,"CC_MODE,NO_FAULT",0,NONE,0,,,,,1775248230,1.91E+00,1.31E+00,1.89E+01,1.67E-03
1775248291,0,0.0101,OFF,4,NO_FAULT,0,NONE,0,,24.43,1.3124,ON,6,"CC_MODE,NO_FAULT",0,NONE,0,,,,,1775248231,1.88E+00,1.31E+00,1.83E+01,2.78E-03
1775248292,0,0.0101,OFF,4,NO_FAULT,0,NONE,0,,24.41,1.3124,ON,6,"CC_MODE,NO_FAULT",0,NONE,0,,,,,1775248231,1.85E+00,1.31E+00,1.73E+01,1.84E-03
1775248293,0,0.01007,OFF,4,NO_FAULT,0,NONE,0,,24.4,1.3124,ON,6,"CC_MODE,NO_FAULT",0,NONE,0,,,,,1775248232,1.82E+00,1.31E+00,1.63E+01,2.38E-03
1775248293,0,0.01007,OFF,4,NO_FAULT,0,NONE,0,,24.39,1.3124,ON,6,"CC_MODE,NO_FAULT",0,NONE,0,,,,,1775248232,1.78E+00,1.31E+00,1.52E+01,1.70E-03
1775248294,0,0.01005,OFF,4,NO_FAULT,0,NONE,0,,24.38,1.3124,ON,6,"CC_MODE,NO_FAULT",0,NONE,0,,,,,1775248233,1.75E+00,1.31E+00,1.44E+01,1.38E-03
1775248295,0,0.01005,OFF,4,NO_FAULT,0,NONE,0,,24.38,1.3124,ON,6,"CC_MODE,NO_FAULT",0,NONE,0,,,,,1775248233,1.72E+00,1.31E+00,1.37E+01,1.74E-03
1775248296,0,0.01005,OFF,4,NO_FAULT,0,NONE,0,,24.38,1.3124,ON,6,"CC_MODE,NO_FAULT",0,NONE,0,,,,,1775248234,1.70E+00,1.31E+00,1.33E+01,1.76E-03
,,,,,,,,,,,,,,,,,,,,,,1775248234,1.69E+00,1.31E+00,1.29E+01,1.64E-03
,,,,,,,,,,,,,,,,,,,,,,1775248235,1.68E+00,1.31E+00,1.27E+01,1.66E-03
,,,,,,,,,,,,,,,,,,,,,,1775248235,1.67E+00,1.31E+00,1.23E+01,1.61E-03
,,,,,,,,,,,,,,,,,,,,,,1775248236,1.67E+00,1.31E+00,1.21E+01,1.74E-03
,,,,,,,,,,,,,,,,,,,,,,1775248236,1.66E+00,1.31E+00,1.19E+01,1.75E-03
,,,,,,,,,,,,,,,,,,,,,,1775248237,1.66E+00,1.31E+00,1.18E+01,1.81E-03
,,,,,,,,,,,,,,,,,,,,,,1775248237,1.66E+00,1.31E+00,1.16E+01,1.64E-03
,,,,,,,,,,,,,,,,,,,,,,1775248238,1.65E+00,1.31E+00,1.15E+01,1.85E-03
,,,,,,,,,,,,,,,,,,,,,,1775248238,1.65E+00,1.31E+00,1.14E+01,1.45E-03
,,,,,,,,,,,,,,,,,,,,,,1775248239,1.65E+00,1.31E+00,1.13E+01,1.87E-03
,,,,,,,,,,,,,,,,,,,,,,1775248239,1.65E+00,1.31E+00,1.12E+01,2.90E-03
,,,,,,,,,,,,,,,,,,,,,,1775248240,1.65E+00,1.31E+00,1.11E+01,1.91E-03
,,,,,,,,,,,,,,,,,,,,,,1775248240,1.66E+00,1.31E+00,1.09E+01,2.62E-03
,,,,,,,,,,,,,,,,,,,,,,1775248241,1.65E+00,1.31E+00,1.08E+01,2.58E-03
,,,,,,,,,,,,,,,,,,,,,,1775248241,1.66E+00,1.31E+00,1.08E+01,3.23E-03
,,,,,,,,,,,,,,,,,,,,,,1775248242,1.66E+00,1.31E+00,1.08E+01,3.27E-03
,,,,,,,,,,,,,,,,,,,,,,1775248242,1.66E+00,1.31E+00,1.07E+01,3.18E-03
,,,,,,,,,,,,,,,,,,,,,,1775248243,1.66E+00,1.31E+00,1.06E+01,3.19E-03
,,,,,,,,,,,,,,,,,,,,,,1775248243,1.65E+00,1.31E+00,9.81E+00,1.88E-03
,,,,,,,,,,,,,,,,,,,,,,1775248244,1.62E+00,1.31E+00,1.36E+01,3.94E-03
,,,,,,,,,,,,,,,,,,,,,,1775248244,1.72E+00,1.31E+00,1.15E+01,2.03E-03
,,,,,,,,,,,,,,,,,,,,,,1775248245,1.71E+00,1.31E+00,1.15E+01,1.87E-03
,,,,,,,,,,,,,,,,,,,,,,1775248245,1.71E+00,1.31E+00,1.14E+01,1.81E-03
,,,,,,,,,,,,,,,,,,,,,,1775248246,1.69E+00,1.31E+00,8.97E+00,-8.73E-04
,,,,,,,,,,,,,,,,,,,,,,1775248246,1.59E+00,1.31E+00,6.56E+00,1.73E-04
,,,,,,,,,,,,,,,,,,,,,,1775248247,1.60E+00,1.31E+00,6.66E+00,7.45E-05
,,,,,,,,,,,,,,,,,,,,,,1775248247,1.60E+00,1.31E+00,6.78E+00,2.82E-04
,,,,,,,,,,,,,,,,,,,,,,1775248248,1.60E+00,1.31E+00,6.88E+00,2.70E-04
,,,,,,,,,,,,,,,,,,,,,,1775248248,1.61E+00,1.31E+00,7.00E+00,4.49E-04
,,,,,,,,,,,,,,,,,,,,,,1775248249,1.61E+00,1.31E+00,7.07E+00,4.12E-04
,,,,,,,,,,,,,,,,,,,,,,1775248249,1.61E+00,1.31E+00,7.18E+00,3.99E-04
,,,,,,,,,,,,,,,,,,,,,,1775248250,1.62E+00,1.31E+00,7.28E+00,5.35E-04
,,,,,,,,,,,,,,,,,,,,,,1775248250,1.63E+00,1.31E+00,7.40E+00,4.46E-04
,,,,,,,,,,,,,,,,,,,,,,1775248251,1.64E+00,1.31E+00,7.50E+00,3.66E-04
,,,,,,,,,,,,,,,,,,,,,,1775248251,1.64E+00,1.31E+00,7.62E+00,5.68E-04
,,,,,,,,,,,,,,,,,,,,,,1775248252,1.65E+00,1.31E+00,7.72E+00,3.70E-04
,,,,,,,,,,,,,,,,,,,,,,1775248253,1.66E+00,1.31E+00,7.83E+00,6.27E-04
,,,,,,,,,,,,,,,,,,,,,,1775248253,1.66E+00,1.31E+00,7.94E+00,5.13E-04
,,,,,,,,,,,,,,,,,,,,,,1775248254,1.67E+00,1.31E+00,8.03E+00,6.29E-04
,,,,,,,,,,,,,,,,,,,,,,1775248254,1.68E+00,1.31E+00,8.12E+00,7.54E-04
,,,,,,,,,,,,,,,,,,,,,,1775248255,1.69E+00,1.31E+00,8.23E+00,6.63E-04
,,,,,,,,,,,,,,,,,,,,,,1775248255,1.69E+00,1.31E+00,8.33E+00,6.99E-04
,,,,,,,,,,,,,,,,,,,,,,1775248256,1.70E+00,1.31E+00,8.45E+00,7.55E-04
,,,,,,,,,,,,,,,,,,,,,,1775248256,1.70E+00,1.31E+00,8.52E+00,1.17E-03
,,,,,,,,,,,,,,,,,,,,,,1775248257,1.70E+00,1.31E+00,8.61E+00,1.61E-03
,,,,,,,,,,,,,,,,,,,,,,1775248257,1.70E+00,1.31E+00,8.67E+00,1.47E-03
,,,,,,,,,,,,,,,,,,,,,,1775248258,1.70E+00,1.31E+00,8.77E+00,1.24E-03
,,,,,,,,,,,,,,,,,,,,,,1775248258,1.70E+00,1.31E+00,8.84E+00,9.65E-04
,,,,,,,,,,,,,,,,,,,,,,1775248259,1.65E+00,1.31E+00,1.01E+01,1.40E-02
,,,,,,,,,,,,,,,,,,,,,,1775248259,1.58E+00,1.31E+00,2.56E+01,4.45E-02
,,,,,,,,,,,,,,,,,,,,,,1775248260,1.66E+00,1.31E+00,1.39E+01,1.19E-03
,,,,,,,,,,,,,,,,,,,,,,1775248260,1.18E+00,1.31E+00,1.35E+01,1.05E-03
,,,,,,,,,,,,,,,,,,,,,,1775248261,1.61E+00,1.31E+00,1.34E+01,1.16E-03
,,,,,,,,,,,,,,,,,,,,,,1775248261,1.62E+00,1.31E+00,1.36E+01,1.67E-03
,,,,,,,,,,,,,,,,,,,,,,1775248262,1.59E+00,1.31E+00,1.36E+01,2.02E-03
,,,,,,,,,,,,,,,,,,,,,,1775248262,1.58E+00,1.31E+00,1.37E+01,1.93E-03
,,,,,,,,,,,,,,,,,,,,,,1775248263,1.56E+00,1.31E+00,1.37E+01,2.02E-03
,,,,,,,,,,,,,,,,,,,,,,1775248263,1.55E+00,1.31E+00,1.37E+01,1.87E-03
,,,,,,,,,,,,,,,,,,,,,,1775248264,1.52E+00,1.31E+00,1.37E+01,1.54E-03
,,,,,,,,,,,,,,,,,,,,,,1775248264,1.46E+00,1.31E+00,1.34E+01,1.55E-03
,,,,,,,,,,,,,,,,,,,,,,1775248265,1.36E+00,1.31E+00,1.31E+01,9.59E-04
,,,,,,,,,,,,,,,,,,,,,,1775248265,1.30E+00,1.31E+00,1.29E+01,8.94E-04
,,,,,,,,,,,,,,,,,,,,,,1775248266,1.26E+00,1.31E+00,1.28E+01,1.13E-03
,,,,,,,,,,,,,,,,,,,,,,1775248266,1.24E+00,1.31E+00,1.28E+01,1.04E-03
,,,,,,,,,,,,,,,,,,,,,,1775248267,1.23E+00,1.31E+00,1.28E+01,1.17E-03
,,,,,,,,,,,,,,,,,,,,,,1775248267,1.22E+00,1.31E+00,1.28E+01,1.01E-03
,,,,,,,,,,,,,,,,,,,,,,1775248268,1.21E+00,1.31E+00,1.28E+01,1.23E-03
,,,,,,,,,,,,,,,,,,,,,,1775248268,1.20E+00,1.31E+00,1.29E+01,1.23E-03
,,,,,,,,,,,,,,,,,,,,,,1775248269,1.19E+00,1.31E+00,1.29E+01,1.26E-03
,,,,,,,,,,,,,,,,,,,,,,1775248269,1.19E+00,1.31E+00,1.29E+01,1.20E-03
,,,,,,,,,,,,,,,,,,,,,,1775248270,1.18E+00,1.31E+00,1.29E+01,1.26E-03
,,,,,,,,,,,,,,,,,,,,,,1775248270,1.18E+00,1.31E+00,1.29E+01,1.32E-03
,,,,,,,,,,,,,,,,,,,,,,1775248271,1.18E+00,1.31E+00,1.29E+01,1.37E-03
,,,,,,,,,,,,,,,,,,,,,,1775248271,1.17E+00,1.31E+00,1.30E+01,1.38E-03
,,,,,,,,,,,,,,,,,,,,,,1775248272,1.17E+00,1.31E+00,1.30E+01,1.34E-03
,,,,,,,,,,,,,,,,,,,,,,1775248272,1.17E+00,1.31E+00,1.31E+01,1.44E-03
,,,,,,,,,,,,,,,,,,,,,,1775248273,1.17E+00,1.31E+00,1.32E+01,1.45E-03
,,,,,,,,,,,,,,,,,,,,,,1775248273,1.17E+00,1.31E+00,1.32E+01,1.47E-03
,,,,,,,,,,,,,,,,,,,,,,1775248274,1.18E+00,1.31E+00,1.32E+01,1.40E-03
,,,,,,,,,,,,,,,,,,,,,,1775248274,1.18E+00,1.31E+00,1.33E+01,1.56E-03
,,,,,,,,,,,,,,,,,,,,,,1775248275,1.18E+00,1.31E+00,1.33E+01,1.32E-03
,,,,,,,,,,,,,,,,,,,,,,1775248275,1.18E+00,1.31E+00,1.34E+01,1.37E-03
,,,,,,,,,,,,,,,,,,,,,,1775248276,1.18E+00,1.31E+00,1.35E+01,1.18E-03
,,,,,,,,,,,,,,,,,,,,,,1775248276,1.19E+00,1.31E+00,1.35E+01,1.36E-03
,,,,,,,,,,,,,,,,,,,,,,1775248277,1.19E+00,1.31E+00,1.36E+01,1.26E-03
,,,,,,,,,,,,,,,,,,,,,,1775248277,1.20E+00,1.31E+00,1.37E+01,1.43E-03
,,,,,,,,,,,,,,,,,,,,,,1775248278,1.20E+00,1.31E+00,1.38E+01,1.28E-03
,,,,,,,,,,,,,,,,,,,,,,1775248279,1.21E+00,1.31E+00,1.39E+01,1.38E-03
,,,,,,,,,,,,,,,,,,,,,,1775248279,1.22E+00,1.31E+00,1.40E+01,1.40E-03
,,,,,,,,,,,,,,,,,,,,,,1775248280,1.23E+00,1.31E+00,1.41E+01,1.40E-03
,,,,,,,,,,,,,,,,,,,,,,1775248280,1.23E+00,1.31E+00,1.42E+01,6.14E-05
,,,,,,,,,,,,,,,,,,,,,,1775248281,1.24E+00,1.31E+00,1.42E+01,6.42E-03
,,,,,,,,,,,,,,,,,,,,,,1775248281,1.24E+00,1.31E+00,1.43E+01,9.98E-03
,,,,,,,,,,,,,,,,,,,,,,1775248282,1.24E+00,1.31E+00,1.43E+01,-6.80E-03
,,,,,,,,,,,,,,,,,,,,,,1775248282,1.26E+00,1.31E+00,1.44E+01,1.37E-03
,,,,,,,,,,,,,,,,,,,,,,1775248283,1.26E+00,1.31E+00,1.45E+01,1.66E-03
,,,,,,,,,,,,,,,,,,,,,,1775248283,1.26E+00,1.31E+00,1.45E+01,1.66E-03
,,,,,,,,,,,,,,,,,,,,,,1775248284,1.27E+00,1.31E+00,1.45E+01,1.62E-03
,,,,,,,,,,,,,,,,,,,,,,1775248284,1.27E+00,1.31E+00,1.45E+01,1.59E-03
,,,,,,,,,,,,,,,,,,,,,,1775248285,1.27E+00,1.31E+00,1.45E+01,1.54E-03
,,,,,,,,,,,,,,,,,,,,,,1775248285,1.27E+00,1.31E+00,1.46E+01,1.66E-03
,,,,,,,,,,,,,,,,,,,,,,1775248286,1.27E+00,1.31E+00,1.45E+01,1.63E-03
,,,,,,,,,,,,,,,,,,,,,,1775248286,1.27E+00,1.31E+00,1.46E+01,1.76E-03
,,,,,,,,,,,,,,,,,,,,,,1775248287,1.27E+00,1.31E+00,1.46E+01,1.79E-03
,,,,,,,,,,,,,,,,,,,,,,1775248287,1.27E+00,1.31E+00,1.46E+01,1.83E-03
,,,,,,,,,,,,,,,,,,,,,,1775248288,1.27E+00,1.31E+00,1.46E+01,1.99E-03
,,,,,,,,,,,,,,,,,,,,,,1775248288,1.27E+00,1.31E+00,1.46E+01,2.73E-03
,,,,,,,,,,,,,,,,,,,,,,1775248289,1.27E+00,1.31E+00,1.46E+01,4.36E-03
,,,,,,,,,,,,,,,,,,,,,,1775248289,1.28E+00,1.31E+00,1.46E+01,-1.78E-03
,,,,,,,,,,,,,,,,,,,,,,1775248290,1.29E+00,1.31E+00,1.46E+01,-3.60E-03
,,,,,,,,,,,,,,,,,,,,,,1775248290,1.27E+00,1.31E+00,1.46E+01,4.01E-03
,,,,,,,,,,,,,,,,,,,,,,1775248291,1.27E+00,1.31E+00,1.46E+01,1.56E-03
,,,,,,,,,,,,,,,,,,,,,,1775248291,1.27E+00,1.31E+00,1.46E+01,1.10E-03
,,,,,,,,,,,,,,,,,,,,,,1775248292,1.27E+00,1.31E+00,1.46E+01,-2.37E-03
,,,,,,,,,,,,,,,,,,,,,,1775248292,1.27E+00,1.31E+00,1.46E+01,-8.42E-04
,,,,,,,,,,,,,,,,,,,,,,1775248293,1.27E+00,1.31E+00,1.46E+01,1.76E-03
,,,,,,,,,,,,,,,,,,,,,,1775248293,1.27E+00,1.31E+00,1.46E+01,1.98E-03
,,,,,,,,,,,,,,,,,,,,,,1775248294,1.27E+00,1.31E+00,1.46E+01,2.41E-03
,,,,,,,,,,,,,,,,,,,,,,1775248294,1.27E+00,1.31E+00,1.46E+01,2.06E-03
,,,,,,,,,,,,,,,,,,,,,,1775248295,1.27E+00,1.31E+00,1.46E+01,1.63E-03
,,,,,,,,,,,,,,,,,,,,,,1775248295,1.27E+00,1.31E+00,1.46E+01,1.32E-03
,,,,,,,,,,,,,,,,,,,,,,1775248296,1.26E+00,1.31E+00,1.47E+01,1.55E-03
,,,,,,,,,,,,,,,,,,,,,,1775248296,1.27E+00,1.31E+00,7.14E-01,-3.44E-03
,,,,,,,,,,,,,,,,,,,,,,1775248297,3.01E-02,3.23E-03,2.63E-03,-4.80E-04
,,,,,,,,,,,,,,,,,,,,,,1775248297,1.95E-02,3.17E-03,1.19E-03,-1.83E-04
,,,,,,,,,,,,,,,,,,,,,,1775248298,1.90E-02,3.18E-03,1.50E-03,-3.33E-05
