timestamp,ps_1_voltage,ps_1_current,ps_1_output_state,ps_1_oper_cond,ps_1_oper_flags,ps_1_ques_cond,ps_1_fault_flags,ps_1_status_byte,ps_1_errors,ps_2_voltage,ps_2_current,ps_2_output_state,ps_2_oper_cond,ps_2_oper_flags,ps_2_ques_cond,ps_2_fault_flags,ps_2_status_byte,ps_2_errors
1777065477.4905534,118.330,1.29941,ON,6,"CC_MODE,NO_FAULT",0,NONE,0,,008.30,1.2999,ON,6,"CC_MODE,NO_FAULT",0,NONE,0,
1777065478.4491777,163.663,1.29995,ON,6,"CC_MODE,NO_FAULT",0,NONE,0,,007.55,1.2999,ON,6,"CC_MODE,NO_FAULT",0,NONE,0,
1777065479.080868,164.314,1.29995,ON,6,"CC_MODE,NO_FAULT",0,NONE,0,,006.51,1.2999,ON,6,"CC_MODE,NO_FAULT",0,NONE,0,
1777065480.015352,165.367,1.29995,ON,6,"CC_MODE,NO_FAULT",0,NONE,0,,005.57,1.2999,ON,6,"CC_MODE,NO_FAULT",0,NONE,0,
1777065480.651738,166.269,1.29995,ON,6,"CC_MODE,NO_FAULT",0,NONE,0,,004.75,1.2999,ON,6,"CC_MODE,NO_FAULT",0,NONE,0,
1777065481.5851557,167.637,1.29997,ON,6,"CC_MODE,NO_FAULT",0,NONE,0,,004.12,1.2999,ON,6,"CC_MODE,NO_FAULT",0,NONE,0,
1777065482.2108238,161.122,1.29997,ON,6,"CC_MODE,NO_FAULT",0,NONE,0,,006.49,1.2999,ON,6,"CC_MODE,NO_FAULT",0,NONE,0,
1777065483.1428401,161.306,1.29997,ON,6,"CC_MODE,NO_FAULT",0,NONE,0,,005.11,1.2999,ON,6,"CC_MODE,NO_FAULT",0,NONE,0,
1777065483.766833,162.099,1.29997,ON,6,"CC_MODE,NO_FAULT",0,NONE,0,,004.36,1.2999,ON,6,"CC_MODE,NO_FAULT",0,NONE,0,
1777065484.6959844,163.522,1.29997,ON,6,"CC_MODE,NO_FAULT",0,NONE,0,,003.47,1.2999,ON,6,"CC_MODE,NO_FAULT",0,NONE,0,
1777065485.3327832,164.542,1.29997,ON,6,"CC_MODE,NO_FAULT",0,NONE,0,,002.78,1.3000,ON,6,"CC_MODE,NO_FAULT",0,NONE,0,
1777065486.2673247,165.476,1.29997,ON,6,"CC_MODE,NO_FAULT",0,NONE,0,,001.61,1.2999,ON,6,"CC_MODE,NO_FAULT",0,NONE,0,
1777065486.8934953,166.605,1.29997,ON,6,"CC_MODE,NO_FAULT",0,NONE,0,,001.00,1.3000,ON,6,"CC_MODE,NO_FAULT",0,NONE,0,
1777065487.8199825,166.746,1.29997,ON,6,"CC_MODE,NO_FAULT",0,NONE,0,,001.00,1.2999,ON,6,"CC_MODE,NO_FAULT",0,NONE,0,
1777065488.4533837,166.801,1.29997,ON,6,"CC_MODE,NO_FAULT",0,NONE,0,,001.02,1.2999,ON,6,"CC_MODE,NO_FAULT",0,NONE,0,
1777065489.385412,167.159,1.29997,ON,6,"CC_MODE,NO_FAULT",0,NONE,0,,001.00,1.3000,ON,6,"CC_MODE,NO_FAULT",0,NONE,0,
1777065490.019418,164.651,1.29997,ON,6,"CC_MODE,NO_FAULT",0,NONE,0,,001.20,1.2999,ON,6,"CC_MODE,NO_FAULT",0,NONE,0,
1777065490.9554985,165.378,1.29997,ON,6,"CC_MODE,NO_FAULT",0,NONE,0,,001.00,1.3000,ON,6,"CC_MODE,NO_FAULT",0,NONE,0,
1777065491.581266,165.259,1.29997,ON,6,"CC_MODE,NO_FAULT",0,NONE,0,,001.08,1.2999,ON,6,"CC_MODE,NO_FAULT",0,NONE,0,
1777065492.509997,165.400,1.29997,ON,6,"CC_MODE,NO_FAULT",0,NONE,0,,001.00,1.2999,ON,6,"CC_MODE,NO_FAULT",0,NONE,0,
1777065493.1408937,165.237,1.29997,ON,6,"CC_MODE,NO_FAULT",0,NONE,0,,001.07,1.3000,ON,6,"CC_MODE,NO_FAULT",0,NONE,0,
1777065494.0792224,165.791,1.29997,ON,6,"CC_MODE,NO_FAULT",0,NONE,0,,001.92,1.2999,ON,6,"CC_MODE,NO_FAULT",0,NONE,0,
1777065494.7120304,167.094,1.29997,ON,6,"CC_MODE,NO_FAULT",0,NONE,0,,001.09,1.3000,ON,6,"CC_MODE,NO_FAULT",0,NONE,0,
1777065495.6529431,165.096,1.29997,ON,6,"CC_MODE,NO_FAULT",0,NONE,0,,001.00,1.2999,ON,6,"CC_MODE,NO_FAULT",0,NONE,0,
1777065496.2742517,165.063,1.29997,ON,6,"CC_MODE,NO_FAULT",0,NONE,0,,000.99,1.3000,ON,6,"CC_MODE,NO_FAULT",0,NONE,0,
1777065497.2136173,164.987,1.29997,ON,6,"CC_MODE,NO_FAULT",0,NONE,0,,000.99,1.3000,ON,6,"CC_MODE,NO_FAULT",0,NONE,0,
1777065497.8460114,163.315,1.29997,ON,6,"CC_MODE,NO_FAULT",0,NONE,0,,001.12,1.2999,ON,6,"CC_MODE,NO_FAULT",0,NONE,0,
1777065498.7862046,164.130,1.29997,ON,6,"CC_MODE,NO_FAULT",0,NONE,0,,000.00,0.0110,OFF,6,"CC_MODE,NO_FAULT",0,NONE,0,
1777065499.4130828,164.792,1.29997,ON,6,"CC_MODE,NO_FAULT",0,NONE,0,,000.00,0.0108,OFF,4,NO_FAULT,0,NONE,0,
1777065500.3512566,164.412,1.29997,ON,6,"CC_MODE,NO_FAULT",0,NONE,0,,000.00,0.0107,OFF,4,NO_FAULT,0,NONE,0,
1777065500.9780347,164.477,1.29997,ON,6,"CC_MODE,NO_FAULT",0,NONE,0,,000.00,0.0107,OFF,4,NO_FAULT,0,NONE,0,
1777065501.920919,163.185,1.29997,ON,6,"CC_MODE,NO_FAULT",0,NONE,0,,000.00,0.0106,OFF,4,NO_FAULT,0,NONE,0,
1777065502.5446446,164.977,1.29997,ON,6,"CC_MODE,NO_FAULT",0,NONE,0,,000.00,0.0106,OFF,4,NO_FAULT,0,NONE,0,
1777065503.4845574,165.867,1.29997,ON,6,"CC_MODE,NO_FAULT",0,NONE,0,,000.00,0.0105,OFF,4,NO_FAULT,0,NONE,0,
1777065504.1064844,165.400,1.29997,ON,6,"CC_MODE,NO_FAULT",0,NONE,0,,000.00,0.0105,OFF,4,NO_FAULT,0,NONE,0,
1777065505.0456157,163.869,1.29997,ON,6,"CC_MODE,NO_FAULT",0,NONE,0,,000.00,0.0105,OFF,4,NO_FAULT,0,NONE,0,
1777065505.6757846,164.108,1.29997,ON,6,"CC_MODE,NO_FAULT",0,NONE,0,,000.00,0.0104,OFF,4,NO_FAULT,0,NONE,0,
1777065506.6006513,163.988,1.29997,ON,6,"CC_MODE,NO_FAULT",0,NONE,0,,000.00,0.0104,OFF,4,NO_FAULT,0,NONE,0,
1777065507.223658,163.847,1.29997,ON,6,"CC_MODE,NO_FAULT",0,NONE,0,,000.00,0.0103,OFF,4,NO_FAULT,0,NONE,0,
1777065508.1495843,163.554,1.29997,ON,6,"CC_MODE,NO_FAULT",0,NONE,0,,000.00,0.0103,OFF,4,NO_FAULT,0,NONE,0,
1777065508.770769,161.306,1.29997,ON,6,"CC_MODE,NO_FAULT",0,NONE,0,,000.00,0.0103,OFF,4,NO_FAULT,0,NONE,0,
1777065509.709604,161.643,1.29997,ON,6,"CC_MODE,NO_FAULT",0,NONE,0,,000.00,0.0103,OFF,4,NO_FAULT,0,NONE,0,
1777065510.3355753,161.567,1.29997,ON,6,"CC_MODE,NO_FAULT",0,NONE,0,,000.00,0.0103,OFF,4,NO_FAULT,0,NONE,0,
1777065511.278393,161.361,1.29997,ON,6,"CC_MODE,NO_FAULT",0,NONE,0,,000.00,0.0102,OFF,4,NO_FAULT,0,NONE,0,
1777065511.9174984,161.220,1.29997,ON,6,"CC_MODE,NO_FAULT",0,NONE,0,,000.00,0.0099,OFF,4,NO_FAULT,0,NONE,0,
1777065512.8581889,031.356,1.29995,ON,6,"CC_MODE,NO_FAULT",0,NONE,0,,000.00,0.0099,OFF,4,NO_FAULT,0,NONE,0,
1777065513.4859035,031.237,1.29995,ON,6,"CC_MODE,NO_FAULT",0,NONE,0,,000.00,0.0099,OFF,4,NO_FAULT,0,NONE,0,
1777065514.4278374,031.074,1.29995,ON,6,"CC_MODE,NO_FAULT",0,NONE,0,,000.00,0.0098,OFF,4,NO_FAULT,0,NONE,0,
1777065515.0588427,030.987,1.29995,ON,6,"CC_MODE,NO_FAULT",0,NONE,0,,000.00,0.0098,OFF,4,NO_FAULT,0,NONE,0,
1777065516.0027084,030.954,1.29995,ON,6,"CC_MODE,NO_FAULT",0,NONE,0,,000.00,0.0098,OFF,4,NO_FAULT,0,NONE,0,
1777065516.6346624,030.889,1.29995,ON,6,"CC_MODE,NO_FAULT",0,NONE,0,,000.00,0.0098,OFF,4,NO_FAULT,0,NONE,0,
1777065517.5611556,030.780,1.29995,ON,6,"CC_MODE,NO_FAULT",0,NONE,0,,000.00,0.0098,OFF,4,NO_FAULT,0,NONE,0,
1777065518.1890528,024.884,1.29995,ON,6,"CC_MODE,NO_FAULT",0,NONE,0,,000.00,0.0097,OFF,4,NO_FAULT,0,NONE,0,
1777065519.1273942,024.863,1.29995,ON,6,"CC_MODE,NO_FAULT",0,NONE,0,,000.00,0.0097,OFF,4,NO_FAULT,0,NONE,0,
1777065519.7659698,025.069,1.30191,ON,6,"CC_MODE,NO_FAULT",0,NONE,0,,000.00,0.0096,OFF,4,NO_FAULT,0,NONE,0,
1777065520.710276,017.164,1.29995,ON,6,"CC_MODE,NO_FAULT",0,NONE,0,,000.00,0.0097,OFF,4,NO_FAULT,0,NONE,0,
1777065521.3452504,017.175,1.29995,ON,6,"CC_MODE,NO_FAULT",0,NONE,0,,000.00,0.0097,OFF,4,NO_FAULT,0,NONE,0,
1777065522.285904,017.153,1.29995,ON,6,"CC_MODE,NO_FAULT",0,NONE,0,,000.00,0.0097,OFF,4,NO_FAULT,0,NONE,0,
1777065522.9127746,017.143,1.29995,ON,6,"CC_MODE,NO_FAULT",0,NONE,0,,000.00,0.0097,OFF,4,NO_FAULT,0,NONE,0,
1777065523.8449965,017.143,1.29995,ON,6,"CC_MODE,NO_FAULT",0,NONE,0,,000.00,0.0096,OFF,4,NO_FAULT,0,NONE,0,
1777065524.4789374,017.143,1.29995,ON,6,"CC_MODE,NO_FAULT",0,NONE,0,,000.00,0.0096,OFF,4,NO_FAULT,0,NONE,0,
1777065525.4178152,017.077,1.29995,ON,6,"CC_MODE,NO_FAULT",0,NONE,0,,000.00,0.0096,OFF,4,NO_FAULT,0,NONE,0,
1777065526.0528064,017.088,1.29995,ON,6,"CC_MODE,NO_FAULT",0,NONE,0,,000.00,0.0096,OFF,4,NO_FAULT,0,NONE,0,
1777065526.9917648,017.110,1.29995,ON,6,"CC_MODE,NO_FAULT",0,NONE,0,,000.00,0.0096,OFF,4,NO_FAULT,0,NONE,0,
1777065527.6144679,017.132,1.29995,ON,6,"CC_MODE,NO_FAULT",0,NONE,0,,000.00,0.0096,OFF,4,NO_FAULT,0,NONE,0,
1777065528.546558,017.186,1.29995,ON,6,"CC_MODE,NO_FAULT",0,NONE,0,,000.00,0.0096,OFF,4,NO_FAULT,0,NONE,0,
1777065529.1786163,017.088,1.29995,ON,6,"CC_MODE,NO_FAULT",0,NONE,0,,000.00,0.0096,OFF,4,NO_FAULT,0,NONE,0,
1777065530.1240938,017.121,1.29995,ON,6,"CC_MODE,NO_FAULT",0,NONE,0,,000.00,0.0096,OFF,4,NO_FAULT,0,NONE,0,
1777065530.7577193,017.132,1.29995,ON,6,"CC_MODE,NO_FAULT",0,NONE,0,,000.00,0.0096,OFF,4,NO_FAULT,0,NONE,0,
1777065531.700935,017.164,1.29995,ON,6,"CC_MODE,NO_FAULT",0,NONE,0,,000.00,0.0096,OFF,4,NO_FAULT,0,NONE,0,
1777065532.3274531,017.186,1.29995,ON,6,"CC_MODE,NO_FAULT",0,NONE,0,,000.00,0.0096,OFF,4,NO_FAULT,0,NONE,0,
1777065533.2667656,017.099,1.29995,ON,6,"CC_MODE,NO_FAULT",0,NONE,0,,000.00,0.0096,OFF,4,NO_FAULT,0,NONE,0,
1777065533.8870964,017.121,1.29995,ON,6,"CC_MODE,NO_FAULT",0,NONE,0,,000.00,0.0096,OFF,4,NO_FAULT,0,NONE,0,
1777065534.8285654,017.143,1.29995,ON,6,"CC_MODE,NO_FAULT",0,NONE,0,,000.00,0.0096,OFF,4,NO_FAULT,0,NONE,0,
1777065535.45341,017.153,1.29995,ON,6,"CC_MODE,NO_FAULT",0,NONE,0,,000.00,0.0095,OFF,4,NO_FAULT,0,NONE,0,
1777065536.395293,017.045,1.29995,ON,6,"CC_MODE,NO_FAULT",0,NONE,0,,000.00,0.0095,OFF,4,NO_FAULT,0,NONE,0,
1777065537.0141006,017.077,1.29995,ON,6,"CC_MODE,NO_FAULT",0,NONE,0,,000.00,0.0095,OFF,4,NO_FAULT,0,NONE,0,
1777065537.9544594,017.110,1.29995,ON,6,"CC_MODE,NO_FAULT",0,NONE,0,,000.00,0.0095,OFF,4,NO_FAULT,0,NONE,0,
1777065538.5768383,017.121,1.29995,ON,6,"CC_MODE,NO_FAULT",0,NONE,0,,000.00,0.0095,OFF,4,NO_FAULT,0,NONE,0,
1777065539.5030017,017.208,1.29995,ON,6,"CC_MODE,NO_FAULT",0,NONE,0,,000.00,0.0095,OFF,4,NO_FAULT,0,NONE,0,
1777065540.207941,017.175,1.29995,ON,6,"CC_MODE,NO_FAULT",0,NONE,0,,000.00,0.0095,OFF,4,NO_FAULT,0,NONE,0,
1777065541.1570268,017.067,1.29995,ON,6,"CC_MODE,NO_FAULT",0,NONE,0,,000.00,0.0095,OFF,4,NO_FAULT,0,NONE,0,
1777065541.7808487,017.088,1.29995,ON,6,"CC_MODE,NO_FAULT",0,NONE,0,,000.00,0.0095,OFF,4,NO_FAULT,0,NONE,0,
1777065542.7266495,017.110,1.29995,ON,6,"CC_MODE,NO_FAULT",0,NONE,0,,000.00,0.0095,OFF,4,NO_FAULT,0,NONE,0,
1777065543.3498487,017.121,1.29995,ON,6,"CC_MODE,NO_FAULT",0,NONE,0,,000.00,0.0095,OFF,4,NO_FAULT,0,NONE,0,
1777065544.2867622,017.110,1.29995,ON,6,"CC_MODE,NO_FAULT",0,NONE,0,,000.00,0.0095,OFF,4,NO_FAULT,0,NONE,0,
1777065544.9291942,017.110,1.29995,ON,6,"CC_MODE,NO_FAULT",0,NONE,0,,000.00,0.0095,OFF,4,NO_FAULT,0,NONE,0,
1777065545.8565774,017.153,1.29995,ON,6,"CC_MODE,NO_FAULT",0,NONE,0,,000.00,0.0095,OFF,4,NO_FAULT,0,NONE,0,
1777065546.4809155,017.164,1.29995,ON,6,"CC_MODE,NO_FAULT",0,NONE,0,,000.00,0.0095,OFF,4,NO_FAULT,0,NONE,0,
1777065547.41075,017.056,1.29995,ON,6,"CC_MODE,NO_FAULT",0,NONE,0,,000.00,0.0095,OFF,4,NO_FAULT,0,NONE,0,
1777065548.0406587,017.077,1.29995,ON,6,"CC_MODE,NO_FAULT",0,NONE,0,,000.00,0.0095,OFF,4,NO_FAULT,0,NONE,0,
1777065548.971989,017.110,1.29995,ON,6,"CC_MODE,NO_FAULT",0,NONE,0,,000.00,0.0095,OFF,4,NO_FAULT,0,NONE,0,
1777065549.5994265,017.088,1.29995,ON,6,"CC_MODE,NO_FAULT",0,NONE,0,,000.00,0.0095,OFF,4,NO_FAULT,0,NONE,0,
1777065550.543194,017.132,1.29995,ON,6,"CC_MODE,NO_FAULT",0,NONE,0,,000.00,0.0095,OFF,4,NO_FAULT,0,NONE,0,
1777065551.1715925,017.153,1.29995,ON,6,"CC_MODE,NO_FAULT",0,NONE,0,,000.00,0.0095,OFF,4,NO_FAULT,0,NONE,0,
1777065552.1161387,016.936,1.29995,ON,6,"CC_MODE,NO_FAULT",0,NONE,0,,000.00,0.0095,OFF,4,NO_FAULT,0,NONE,0,
1777065552.7493522,016.925,1.29995,ON,6,"CC_MODE,NO_FAULT",0,NONE,0,,000.00,0.0095,OFF,4,NO_FAULT,0,NONE,0,
1777065553.678688,016.925,1.29995,ON,6,"CC_MODE,NO_FAULT",0,NONE,0,,000.00,0.0095,OFF,4,NO_FAULT,0,NONE,0,
1777065554.308714,016.915,1.29995,ON,6,"CC_MODE,NO_FAULT",0,NONE,0,,000.00,0.0095,OFF,4,NO_FAULT,0,NONE,0,
1777065555.2418196,016.893,1.29995,ON,6,"CC_MODE,NO_FAULT",0,NONE,0,,000.00,0.0095,OFF,4,NO_FAULT,0,NONE,0,
1777065555.872983,016.893,1.29995,ON,6,"CC_MODE,NO_FAULT",0,NONE,0,,000.00,0.0095,OFF,4,NO_FAULT,0,NONE,0,
1777065556.820931,016.882,1.29995,ON,6,"CC_MODE,NO_FAULT",0,NONE,0,,000.00,0.0095,OFF,4,NO_FAULT,0,NONE,0,
1777065557.4516225,016.871,1.29995,ON,6,"CC_MODE,NO_FAULT",0,NONE,0,,000.00,0.0095,OFF,4,NO_FAULT,0,NONE,0,
1777065558.3801346,016.871,1.29995,ON,6,"CC_MODE,NO_FAULT",0,NONE,0,,000.00,0.0094,OFF,4,NO_FAULT,0,NONE,0,
1777065559.0111706,016.871,1.29995,ON,6,"CC_MODE,NO_FAULT",0,NONE,0,,000.00,0.0095,OFF,4,NO_FAULT,0,NONE,0,
1777065559.9386191,016.871,1.29995,ON,6,"CC_MODE,NO_FAULT",0,NONE,0,,000.00,0.0094,OFF,4,NO_FAULT,0,NONE,0,
1777065560.5636847,016.871,1.29995,ON,6,"CC_MODE,NO_FAULT",0,NONE,0,,000.00,0.0094,OFF,4,NO_FAULT,0,NONE,0,
1777065561.497186,016.871,1.29995,ON,6,"CC_MODE,NO_FAULT",0,NONE,0,,000.00,0.0094,OFF,4,NO_FAULT,0,NONE,0,
1777065562.1223214,016.871,1.29995,ON,6,"CC_MODE,NO_FAULT",0,NONE,0,,000.00,0.0094,OFF,4,NO_FAULT,0,NONE,0,
1777065563.0504057,016.860,1.29995,ON,6,"CC_MODE,NO_FAULT",0,NONE,0,,000.00,0.0094,OFF,4,NO_FAULT,0,NONE,0,
1777065563.6924083,016.860,1.29995,ON,6,"CC_MODE,NO_FAULT",0,NONE,0,,000.00,0.0094,OFF,4,NO_FAULT,0,NONE,0,
1777065564.6334517,016.860,1.29995,ON,6,"CC_MODE,NO_FAULT",0,NONE,0,,000.00,0.0094,OFF,4,NO_FAULT,0,NONE,0,
1777065565.2725215,016.860,1.29995,ON,6,"CC_MODE,NO_FAULT",0,NONE,0,,000.00,0.0094,OFF,4,NO_FAULT,0,NONE,0,
1777065566.205422,016.860,1.29995,ON,6,"CC_MODE,NO_FAULT",0,NONE,0,,000.00,0.0094,OFF,4,NO_FAULT,0,NONE,0,
1777065566.8291879,016.860,1.29995,ON,6,"CC_MODE,NO_FAULT",0,NONE,0,,000.00,0.0094,OFF,4,NO_FAULT,0,NONE,0,
1777065567.7573502,016.860,1.29995,ON,6,"CC_MODE,NO_FAULT",0,NONE,0,,000.00,0.0094,OFF,4,NO_FAULT,0,NONE,0,
1777065568.3915982,016.860,1.29995,ON,6,"CC_MODE,NO_FAULT",0,NONE,0,,000.00,0.0094,OFF,4,NO_FAULT,0,NONE,0,
1777065569.3291545,016.860,1.29995,ON,6,"CC_MODE,NO_FAULT",0,NONE,0,,000.00,0.0094,OFF,4,NO_FAULT,0,NONE,0,
1777065569.958952,016.860,1.29995,ON,6,"CC_MODE,NO_FAULT",0,NONE,0,,000.00,0.0094,OFF,4,NO_FAULT,0,NONE,0,
1777065570.8879519,016.860,1.29995,ON,6,"CC_MODE,NO_FAULT",0,NONE,0,,000.00,0.0094,OFF,4,NO_FAULT,0,NONE,0,
1777065571.5211508,016.860,1.29995,ON,6,"CC_MODE,NO_FAULT",0,NONE,0,,000.00,0.0094,OFF,4,NO_FAULT,0,NONE,0,
1777065572.4534092,016.860,1.29995,ON,6,"CC_MODE,NO_FAULT",0,NONE,0,,000.00,0.0094,OFF,4,NO_FAULT,0,NONE,0,
1777065573.0883687,016.860,1.29995,ON,6,"CC_MODE,NO_FAULT",0,NONE,0,,000.00,0.0094,OFF,4,NO_FAULT,0,NONE,0,
1777065574.0178876,016.860,1.29995,ON,6,"CC_MODE,NO_FAULT",0,NONE,0,,000.00,0.0094,OFF,4,NO_FAULT,0,NONE,0,
1777065574.649966,016.860,1.29995,ON,6,"CC_MODE,NO_FAULT",0,NONE,0,,000.00,0.0094,OFF,4,NO_FAULT,0,NONE,0,
1777065575.5893302,016.860,1.29995,ON,6,"CC_MODE,NO_FAULT",0,NONE,0,,000.00,0.0094,OFF,4,NO_FAULT,0,NONE,0,
1777065576.21537,016.860,1.29995,ON,6,"CC_MODE,NO_FAULT",0,NONE,0,,000.00,0.0094,OFF,4,NO_FAULT,0,NONE,0,
1777065577.1555183,016.871,1.29995,ON,6,"CC_MODE,NO_FAULT",0,NONE,0,,000.00,0.0094,OFF,4,NO_FAULT,0,NONE,0,
1777065577.7793949,016.871,1.29995,ON,6,"CC_MODE,NO_FAULT",0,NONE,0,,000.00,0.0094,OFF,4,NO_FAULT,0,NONE,0,
1777065578.7157311,016.871,1.29995,ON,6,"CC_MODE,NO_FAULT",0,NONE,0,,000.00,0.0094,OFF,4,NO_FAULT,0,NONE,0,
1777065579.3373349,016.871,1.29995,ON,6,"CC_MODE,NO_FAULT",0,NONE,0,,000.00,0.0094,OFF,4,NO_FAULT,0,NONE,0,
1777065580.2736158,016.871,1.29995,ON,6,"CC_MODE,NO_FAULT",0,NONE,0,,000.00,0.0094,OFF,4,NO_FAULT,0,NONE,0,
1777065580.903673,016.882,1.29995,ON,6,"CC_MODE,NO_FAULT",0,NONE,0,,000.00,0.0094,OFF,4,NO_FAULT,0,NONE,0,
1777065581.4257176,016.882,1.25281,ON,6,"CC_MODE,NO_FAULT",0,NONE,0,,000.00,0.0092,OFF,4,NO_FAULT,0,NONE,0,
1777065582.0179048,016.947,1.19996,ON,6,"CC_MODE,NO_FAULT",0,NONE,0,,000.00,0.0092,OFF,4,NO_FAULT,0,NONE,0,
1777065582.9506466,016.925,1.19996,ON,6,"CC_MODE,NO_FAULT",0,NONE,0,,000.00,0.0092,OFF,4,NO_FAULT,0,NONE,0,
1777065583.577058,016.925,1.19996,ON,6,"CC_MODE,NO_FAULT",0,NONE,0,,000.00,0.0092,OFF,4,NO_FAULT,0,NONE,0,
1777065584.5138562,016.936,1.19996,ON,6,"CC_MODE,NO_FAULT",0,NONE,0,,000.00,0.0092,OFF,4,NO_FAULT,0,NONE,0,
1777065585.1394722,016.947,1.19996,ON,6,"CC_MODE,NO_FAULT",0,NONE,0,,000.00,0.0092,OFF,4,NO_FAULT,0,NONE,0,
1777065586.0739548,016.958,1.19996,ON,6,"CC_MODE,NO_FAULT",0,NONE,0,,000.00,0.0092,OFF,4,NO_FAULT,0,NONE,0,
1777065586.7034588,016.969,1.19996,ON,6,"CC_MODE,NO_FAULT",0,NONE,0,,000.00,0.0092,OFF,4,NO_FAULT,0,NONE,0,
1777065587.636152,016.958,1.19996,ON,6,"CC_MODE,NO_FAULT",0,NONE,0,,000.00,0.0092,OFF,4,NO_FAULT,0,NONE,0,
1777065588.2621052,016.958,1.19996,ON,6,"CC_MODE,NO_FAULT",0,NONE,0,,000.00,0.0092,OFF,4,NO_FAULT,0,NONE,0,
1777065589.2068608,017.023,1.19996,ON,6,"CC_MODE,NO_FAULT",0,NONE,0,,000.00,0.0092,OFF,4,NO_FAULT,0,NONE,0,
1777065589.8410704,016.882,1.19996,ON,6,"CC_MODE,NO_FAULT",0,NONE,0,,000.00,0.0092,OFF,4,NO_FAULT,0,NONE,0,
1777065590.781827,017.023,1.19996,ON,6,"CC_MODE,NO_FAULT",0,NONE,0,,000.00,0.0092,OFF,4,NO_FAULT,0,NONE,0,
1777065591.414715,016.991,1.19996,ON,6,"CC_MODE,NO_FAULT",0,NONE,0,,000.00,0.0092,OFF,4,NO_FAULT,0,NONE,0,
1777065592.354828,017.099,1.19996,ON,6,"CC_MODE,NO_FAULT",0,NONE,0,,000.00,0.0092,OFF,4,NO_FAULT,0,NONE,0,
1777065592.9827323,016.839,1.19996,ON,6,"CC_MODE,NO_FAULT",0,NONE,0,,000.00,0.0092,OFF,4,NO_FAULT,0,NONE,0,
1777065593.9200163,016.936,1.19996,ON,6,"CC_MODE,NO_FAULT",0,NONE,0,,000.00,0.0092,OFF,4,NO_FAULT,0,NONE,0,
1777065594.5539505,016.958,1.19994,ON,6,"CC_MODE,NO_FAULT",0,NONE,0,,000.00,0.0092,OFF,4,NO_FAULT,0,NONE,0,
1777065595.4931238,016.980,1.19996,ON,6,"CC_MODE,NO_FAULT",0,NONE,0,,000.00,0.0092,OFF,4,NO_FAULT,0,NONE,0,
1777065596.1212182,016.991,1.19994,ON,6,"CC_MODE,NO_FAULT",0,NONE,0,,000.00,0.0092,OFF,4,NO_FAULT,0,NONE,0,
1777065597.0544229,017.023,1.19994,ON,6,"CC_MODE,NO_FAULT",0,NONE,0,,000.00,0.0092,OFF,4,NO_FAULT,0,NONE,0,
1777065597.6803281,017.012,1.19994,ON,6,"CC_MODE,NO_FAULT",0,NONE,0,,000.00,0.0092,OFF,4,NO_FAULT,0,NONE,0,
1777065598.6200907,017.034,1.19996,ON,6,"CC_MODE,NO_FAULT",0,NONE,0,,000.00,0.0092,OFF,4,NO_FAULT,0,NONE,0,
1777065599.2552264,017.045,1.19994,ON,6,"CC_MODE,NO_FAULT",0,NONE,0,,000.00,0.0092,OFF,4,NO_FAULT,0,NONE,0,
1777065600.1833768,017.056,1.19996,ON,6,"CC_MODE,NO_FAULT",0,NONE,0,,000.00,0.0092,OFF,4,NO_FAULT,0,NONE,0,
1777065600.8164904,017.067,1.19994,ON,6,"CC_MODE,NO_FAULT",0,NONE,0,,000.00,0.0092,OFF,4,NO_FAULT,0,NONE,0,
1777065601.8034635,017.077,1.19104,ON,6,"CC_MODE,NO_FAULT",0,NONE,0,,000.00,0.0090,OFF,4,NO_FAULT,0,NONE,0,
1777065602.4056737,017.143,1.10002,ON,6,"CC_MODE,NO_FAULT",0,NONE,0,,000.00,0.0090,OFF,4,NO_FAULT,0,NONE,0,
1777065603.3393493,017.175,1.10000,ON,6,"CC_MODE,NO_FAULT",0,NONE,0,,000.00,0.0090,OFF,4,NO_FAULT,0,NONE,0,
1777065603.9713929,017.197,1.10000,ON,6,"CC_MODE,NO_FAULT",0,NONE,0,,000.00,0.0090,OFF,4,NO_FAULT,0,NONE,0,
1777065604.9066908,017.219,1.10000,ON,6,"CC_MODE,NO_FAULT",0,NONE,0,,000.00,0.0090,OFF,4,NO_FAULT,0,NONE,0,
1777065605.5344284,017.229,1.09998,ON,6,"CC_MODE,NO_FAULT",0,NONE,0,,000.00,0.0090,OFF,4,NO_FAULT,0,NONE,0,
1777065606.4684029,017.251,1.09998,ON,6,"CC_MODE,NO_FAULT",0,NONE,0,,000.00,0.0090,OFF,4,NO_FAULT,0,NONE,0,
1777065607.0934415,017.262,1.09998,ON,6,"CC_MODE,NO_FAULT",0,NONE,0,,000.00,0.0090,OFF,4,NO_FAULT,0,NONE,0,
1777065608.0171065,017.273,1.10000,ON,6,"CC_MODE,NO_FAULT",0,NONE,0,,000.00,0.0090,OFF,4,NO_FAULT,0,NONE,0,
1777065608.6495419,017.284,1.09998,ON,6,"CC_MODE,NO_FAULT",0,NONE,0,,000.00,0.0090,OFF,4,NO_FAULT,0,NONE,0,
1777065609.5862226,017.305,1.09998,ON,6,"CC_MODE,NO_FAULT",0,NONE,0,,000.00,0.0090,OFF,4,NO_FAULT,0,NONE,0,
1777065610.2108722,017.316,1.09998,ON,6,"CC_MODE,NO_FAULT",0,NONE,0,,000.00,0.0090,OFF,4,NO_FAULT,0,NONE,0,
1777065611.1461856,017.338,1.09998,ON,6,"CC_MODE,NO_FAULT",0,NONE,0,,000.00,0.0090,OFF,4,NO_FAULT,0,NONE,0,
1777065611.776632,017.349,1.09998,ON,6,"CC_MODE,NO_FAULT",0,NONE,0,,000.00,0.0090,OFF,4,NO_FAULT,0,NONE,0,
1777065612.703086,017.381,1.09998,ON,6,"CC_MODE,NO_FAULT",0,NONE,0,,000.00,0.0090,OFF,4,NO_FAULT,0,NONE,0,
1777065613.3369956,017.392,1.09998,ON,6,"CC_MODE,NO_FAULT",0,NONE,0,,000.00,0.0090,OFF,4,NO_FAULT,0,NONE,0,
1777065614.2729135,017.414,1.09998,ON,6,"CC_MODE,NO_FAULT",0,NONE,0,,000.00,0.0090,OFF,4,NO_FAULT,0,NONE,0,
1777065614.907964,017.425,1.09998,ON,6,"CC_MODE,NO_FAULT",0,NONE,0,,000.00,0.0090,OFF,4,NO_FAULT,0,NONE,0,
1777065615.4251404,017.067,1.09998,ON,6,"CC_MODE,NO_FAULT",0,NONE,0,,000.00,0.0088,OFF,4,NO_FAULT,0,NONE,0,
1777065616.0160627,017.316,1.00006,ON,6,"CC_MODE,NO_FAULT",0,NONE,0,,000.00,0.0088,OFF,4,NO_FAULT,0,NONE,0,
1777065616.9520428,017.392,1.00002,ON,6,"CC_MODE,NO_FAULT",0,NONE,0,,000.00,0.0088,OFF,4,NO_FAULT,0,NONE,0,
1777065617.5845258,017.436,1.00002,ON,6,"CC_MODE,NO_FAULT",0,NONE,0,,000.00,0.0088,OFF,4,NO_FAULT,0,NONE,0,
1777065618.5226476,017.447,0.99999,ON,6,"CC_MODE,NO_FAULT",0,NONE,0,,000.00,0.0088,OFF,4,NO_FAULT,0,NONE,0,
1777065619.1542132,017.447,0.99999,ON,6,"CC_MODE,NO_FAULT",0,NONE,0,,000.00,0.0089,OFF,4,NO_FAULT,0,NONE,0,
1777065620.0986834,017.457,0.99999,ON,6,"CC_MODE,NO_FAULT",0,NONE,0,,000.00,0.0089,OFF,4,NO_FAULT,0,NONE,0,
1777065620.729972,017.479,0.99999,ON,6,"CC_MODE,NO_FAULT",0,NONE,0,,000.00,0.0089,OFF,4,NO_FAULT,0,NONE,0,
1777065621.6666055,017.501,0.99999,ON,6,"CC_MODE,NO_FAULT",0,NONE,0,,000.00,0.0089,OFF,4,NO_FAULT,0,NONE,0,
1777065622.29959,017.512,0.99999,ON,6,"CC_MODE,NO_FAULT",0,NONE,0,,000.00,0.0089,OFF,4,NO_FAULT,0,NONE,0,
1777065623.2390156,017.534,0.99999,ON,6,"CC_MODE,NO_FAULT",0,NONE,0,,000.00,0.0089,OFF,4,NO_FAULT,0,NONE,0,
1777065623.8633888,017.555,0.99999,ON,6,"CC_MODE,NO_FAULT",0,NONE,0,,000.00,0.0089,OFF,4,NO_FAULT,0,NONE,0,
1777065624.8045223,017.577,0.99999,ON,6,"CC_MODE,NO_FAULT",0,NONE,0,,000.00,0.0089,OFF,4,NO_FAULT,0,NONE,0,
1777065625.480899,017.599,0.99999,ON,6,"CC_MODE,NO_FAULT",0,NONE,0,,000.00,0.0086,OFF,4,NO_FAULT,0,NONE,0,
1777065626.3859866,017.707,0.90005,ON,6,"CC_MODE,NO_FAULT",0,NONE,0,,000.00,0.0086,OFF,4,NO_FAULT,0,NONE,0,
1777065627.005921,017.729,0.90003,ON,6,"CC_MODE,NO_FAULT",0,NONE,0,,000.00,0.0086,OFF,4,NO_FAULT,0,NONE,0,
1777065627.937132,017.751,0.90003,ON,6,"CC_MODE,NO_FAULT",0,NONE,0,,000.00,0.0086,OFF,4,NO_FAULT,0,NONE,0,
1777065628.570327,017.740,0.90001,ON,6,"CC_MODE,NO_FAULT",0,NONE,0,,000.00,0.0086,OFF,4,NO_FAULT,0,NONE,0,
1777065629.5083482,017.783,0.90001,ON,6,"CC_MODE,NO_FAULT",0,NONE,0,,000.00,0.0086,OFF,4,NO_FAULT,0,NONE,0,
1777065630.1357758,017.805,0.90001,ON,6,"CC_MODE,NO_FAULT",0,NONE,0,,000.00,0.0086,OFF,4,NO_FAULT,0,NONE,0,
1777065631.0739694,017.816,0.90001,ON,6,"CC_MODE,NO_FAULT",0,NONE,0,,000.00,0.0086,OFF,4,NO_FAULT,0,NONE,0,
1777065631.701851,017.740,0.90001,ON,6,"CC_MODE,NO_FAULT",0,NONE,0,,000.00,0.0086,OFF,4,NO_FAULT,0,NONE,0,
1777065632.6298528,017.848,0.90001,ON,6,"CC_MODE,NO_FAULT",0,NONE,0,,000.00,0.0086,OFF,4,NO_FAULT,0,NONE,0,
1777065633.3565776,017.859,0.85096,ON,6,"CC_MODE,NO_FAULT",0,NONE,0,,000.00,0.0084,OFF,4,NO_FAULT,0,NONE,0,
1777065634.2654262,017.968,0.80005,ON,6,"CC_MODE,NO_FAULT",0,NONE,0,,000.00,0.0084,OFF,4,NO_FAULT,0,NONE,0,
1777065634.8880694,018.000,0.80005,ON,6,"CC_MODE,NO_FAULT",0,NONE,0,,000.00,0.0084,OFF,4,NO_FAULT,0,NONE,0,
1777065635.8265398,018.044,0.80003,ON,6,"CC_MODE,NO_FAULT",0,NONE,0,,000.00,0.0084,OFF,4,NO_FAULT,0,NONE,0,
1777065636.458371,017.990,0.80003,ON,6,"CC_MODE,NO_FAULT",0,NONE,0,,000.00,0.0084,OFF,4,NO_FAULT,0,NONE,0,
1777065637.398474,018.087,0.80003,ON,6,"CC_MODE,NO_FAULT",0,NONE,0,,000.00,0.0084,OFF,4,NO_FAULT,0,NONE,0,
1777065638.0347342,018.076,0.80003,ON,6,"CC_MODE,NO_FAULT",0,NONE,0,,000.00,0.0084,OFF,4,NO_FAULT,0,NONE,0,
1777065638.9735465,018.087,0.80003,ON,6,"CC_MODE,NO_FAULT",0,NONE,0,,000.00,0.0084,OFF,4,NO_FAULT,0,NONE,0,
1777065639.6057823,018.098,0.80003,ON,6,"CC_MODE,NO_FAULT",0,NONE,0,,000.00,0.0084,OFF,4,NO_FAULT,0,NONE,0,
1777065640.5374715,018.142,0.80003,ON,6,"CC_MODE,NO_FAULT",0,NONE,0,,000.00,0.0084,OFF,4,NO_FAULT,0,NONE,0,
1777065641.167754,018.120,0.80003,ON,6,"CC_MODE,NO_FAULT",0,NONE,0,,000.00,0.0084,OFF,4,NO_FAULT,0,NONE,0,
1777065641.6878643,018.152,0.80003,ON,6,"CC_MODE,NO_FAULT",0,NONE,0,,000.00,0.0081,OFF,4,NO_FAULT,0,NONE,0,
1777065642.2816665,018.250,0.70006,ON,6,"CC_MODE,NO_FAULT",0,NONE,0,,000.00,0.0081,OFF,4,NO_FAULT,0,NONE,0,
1777065643.2174695,018.326,0.70004,ON,6,"CC_MODE,NO_FAULT",0,NONE,0,,000.00,0.0081,OFF,4,NO_FAULT,0,NONE,0,
1777065643.852961,018.337,0.70004,ON,6,"CC_MODE,NO_FAULT",0,NONE,0,,000.00,0.0081,OFF,4,NO_FAULT,0,NONE,0,
1777065644.7831159,018.370,0.70002,ON,6,"CC_MODE,NO_FAULT",0,NONE,0,,000.00,0.0081,OFF,4,NO_FAULT,0,NONE,0,
1777065645.4161956,018.402,0.70002,ON,6,"CC_MODE,NO_FAULT",0,NONE,0,,000.00,0.0081,OFF,4,NO_FAULT,0,NONE,0,
1777065646.3484213,018.424,0.70004,ON,6,"CC_MODE,NO_FAULT",0,NONE,0,,000.00,0.0081,OFF,4,NO_FAULT,0,NONE,0,
1777065646.9808233,018.435,0.70002,ON,6,"CC_MODE,NO_FAULT",0,NONE,0,,000.00,0.0081,OFF,4,NO_FAULT,0,NONE,0,
1777065647.9061465,018.467,0.70002,ON,6,"CC_MODE,NO_FAULT",0,NONE,0,,000.00,0.0081,OFF,4,NO_FAULT,0,NONE,0,
1777065648.5315394,018.489,0.70002,ON,6,"CC_MODE,NO_FAULT",0,NONE,0,,000.00,0.0081,OFF,4,NO_FAULT,0,NONE,0,
1777065649.468218,018.522,0.70002,ON,6,"CC_MODE,NO_FAULT",0,NONE,0,,000.00,0.0081,OFF,4,NO_FAULT,0,NONE,0,
1777065650.150169,018.532,0.69937,ON,6,"CC_MODE,NO_FAULT",0,NONE,0,,000.00,0.0078,OFF,4,NO_FAULT,0,NONE,0,
1777065651.0545268,018.663,0.60006,ON,6,"CC_MODE,NO_FAULT",0,NONE,0,,000.00,0.0078,OFF,4,NO_FAULT,0,NONE,0,
1777065651.6900067,018.695,0.60004,ON,6,"CC_MODE,NO_FAULT",0,NONE,0,,000.00,0.0078,OFF,4,NO_FAULT,0,NONE,0,
1777065652.635508,018.739,0.60004,ON,6,"CC_MODE,NO_FAULT",0,NONE,0,,000.00,0.0078,OFF,4,NO_FAULT,0,NONE,0,
1777065653.266934,018.750,0.60004,ON,6,"CC_MODE,NO_FAULT",0,NONE,0,,000.00,0.0078,OFF,4,NO_FAULT,0,NONE,0,
1777065654.2070189,018.782,0.60004,ON,6,"CC_MODE,NO_FAULT",0,NONE,0,,000.00,0.0078,OFF,4,NO_FAULT,0,NONE,0,
1777065654.844699,018.815,0.60004,ON,6,"CC_MODE,NO_FAULT",0,NONE,0,,000.00,0.0078,OFF,4,NO_FAULT,0,NONE,0,
1777065655.7824225,018.858,0.60004,ON,6,"CC_MODE,NO_FAULT",0,NONE,0,,000.00,0.0078,OFF,4,NO_FAULT,0,NONE,0,
1777065656.414537,018.880,0.60004,ON,6,"CC_MODE,NO_FAULT",0,NONE,0,,000.00,0.0078,OFF,4,NO_FAULT,0,NONE,0,
1777065657.3614259,018.912,0.60004,ON,6,"CC_MODE,NO_FAULT",0,NONE,0,,000.00,0.0078,OFF,4,NO_FAULT,0,NONE,0,
1777065657.9896436,018.934,0.60004,ON,6,"CC_MODE,NO_FAULT",0,NONE,0,,000.00,0.0078,OFF,4,NO_FAULT,0,NONE,0,
1777065658.9278977,018.978,0.60004,ON,6,"CC_MODE,NO_FAULT",0,NONE,0,,000.00,0.0078,OFF,4,NO_FAULT,0,NONE,0,
1777065659.5572886,018.999,0.60004,ON,6,"CC_MODE,NO_FAULT",0,NONE,0,,000.00,0.0078,OFF,4,NO_FAULT,0,NONE,0,
1777065660.4983854,019.032,0.60004,ON,6,"CC_MODE,NO_FAULT",0,NONE,0,,000.00,0.0078,OFF,4,NO_FAULT,0,NONE,0,
1777065661.124445,019.054,0.60002,ON,6,"CC_MODE,NO_FAULT",0,NONE,0,,000.00,0.0078,OFF,4,NO_FAULT,0,NONE,0,
1777065662.0658903,019.086,0.60004,ON,6,"CC_MODE,NO_FAULT",0,NONE,0,,000.00,0.0078,OFF,4,NO_FAULT,0,NONE,0,
1777065662.6888816,019.119,0.60004,ON,6,"CC_MODE,NO_FAULT",0,NONE,0,,000.00,0.0078,OFF,4,NO_FAULT,0,NONE,0,
1777065663.6246626,019.151,0.60004,ON,6,"CC_MODE,NO_FAULT",0,NONE,0,,000.00,0.0079,OFF,4,NO_FAULT,0,NONE,0,
1777065664.2526329,019.184,0.60004,ON,6,"CC_MODE,NO_FAULT",0,NONE,0,,000.00,0.0079,OFF,4,NO_FAULT,0,NONE,0,
1777065665.1956263,019.206,0.60002,ON,6,"CC_MODE,NO_FAULT",0,NONE,0,,000.00,0.0079,OFF,4,NO_FAULT,0,NONE,0,
1777065665.821235,019.238,0.60004,ON,6,"CC_MODE,NO_FAULT",0,NONE,0,,000.00,0.0079,OFF,4,NO_FAULT,0,NONE,0,
1777065666.7614942,019.271,0.60004,ON,6,"CC_MODE,NO_FAULT",0,NONE,0,,000.00,0.0079,OFF,4,NO_FAULT,0,NONE,0,
1777065667.3959064,019.293,0.60002,ON,6,"CC_MODE,NO_FAULT",0,NONE,0,,000.00,0.0079,OFF,4,NO_FAULT,0,NONE,0,
1777065668.334045,019.325,0.60002,ON,6,"CC_MODE,NO_FAULT",0,NONE,0,,000.00,0.0079,OFF,4,NO_FAULT,0,NONE,0,
1777065668.968475,019.347,0.60004,ON,6,"CC_MODE,NO_FAULT",0,NONE,0,,000.00,0.0079,OFF,4,NO_FAULT,0,NONE,0,
1777065669.9062498,019.379,0.60004,ON,6,"CC_MODE,NO_FAULT",0,NONE,0,,000.00,0.0079,OFF,4,NO_FAULT,0,NONE,0,
1777065670.5881412,019.412,0.60002,ON,6,"CC_MODE,NO_FAULT",0,NONE,0,,000.00,0.0074,OFF,4,NO_FAULT,0,NONE,0,
1777065671.499873,019.781,0.50005,ON,6,"CC_MODE,NO_FAULT",0,NONE,0,,000.00,0.0074,OFF,4,NO_FAULT,0,NONE,0,
1777065672.1416652,019.825,0.50003,ON,6,"CC_MODE,NO_FAULT",0,NONE,0,,000.00,0.0075,OFF,4,NO_FAULT,0,NONE,0,
1777065673.0805178,019.868,0.50003,ON,6,"CC_MODE,NO_FAULT",0,NONE,0,,000.00,0.0075,OFF,4,NO_FAULT,0,NONE,0,
1777065673.7184758,019.901,0.50003,ON,6,"CC_MODE,NO_FAULT",0,NONE,0,,000.00,0.0075,OFF,4,NO_FAULT,0,NONE,0,
1777065674.6532116,019.966,0.50003,ON,6,"CC_MODE,NO_FAULT",0,NONE,0,,000.00,0.0075,OFF,4,NO_FAULT,0,NONE,0,
1777065675.2908957,019.998,0.50003,ON,6,"CC_MODE,NO_FAULT",0,NONE,0,,000.00,0.0075,OFF,4,NO_FAULT,0,NONE,0,
1777065676.280289,020.053,0.50003,ON,6,"CC_MODE,NO_FAULT",0,NONE,0,,000.00,0.0070,OFF,4,NO_FAULT,0,NONE,0,
1777065676.881863,020.628,0.40007,ON,6,"CC_MODE,NO_FAULT",0,NONE,0,,000.00,0.0070,OFF,4,NO_FAULT,0,NONE,0,
1777065677.8086312,020.661,0.40005,ON,6,"CC_MODE,NO_FAULT",0,NONE,0,,000.00,0.0070,OFF,4,NO_FAULT,0,NONE,0,
1777065678.4431975,020.682,0.40003,ON,6,"CC_MODE,NO_FAULT",0,NONE,0,,000.00,0.0070,OFF,4,NO_FAULT,0,NONE,0,
1777065679.3733604,020.737,0.40003,ON,6,"CC_MODE,NO_FAULT",0,NONE,0,,000.00,0.0070,OFF,4,NO_FAULT,0,NONE,0,
1777065680.1430433,000.019,0.00000,OFF,4,NO_FAULT,0,NONE,0,,000.00,0.0070,OFF,4,NO_FAULT,0,NONE,0,
1777065680.6640408,000.019,0.00000,ON,4,NO_FAULT,0,NONE,0,,000.00,0.0000,OFF,4,NO_FAULT,0,NONE,0,
1777065681.2665844,450.003,0.00518,ON,5,"CV_MODE,NO_FAULT",0,NONE,0,,000.00,0.0000,OFF,4,NO_FAULT,0,NONE,0,
1777065682.2076972,450.003,0.00490,ON,5,"CV_MODE,NO_FAULT",0,NONE,0,,000.00,0.0000,OFF,4,NO_FAULT,0,NONE,0,
1777065682.8313756,450.003,0.00480,ON,5,"CV_MODE,NO_FAULT",0,NONE,0,,000.00,0.0000,OFF,4,NO_FAULT,0,NONE,0,
1777065683.762628,437.734,0.00000,OFF,5,"CV_MODE,NO_FAULT",0,NONE,0,,000.00,0.0000,OFF,4,NO_FAULT,0,NONE,0,
1777065684.409118,240.745,0.00000,OFF,4,NO_FAULT,0,NONE,0,,000.01,0.0000,OFF,4,NO_FAULT,0,NONE,0,
1777065685.835515,009.933,1.21843,ON,4,NO_FAULT,0,NONE,0,,019.48,1.2999,ON,4,NO_FAULT,0,NONE,0,
1777065686.4632583,007.957,1.30153,ON,6,"CC_MODE,NO_FAULT",0,NONE,0,,030.26,1.2999,ON,6,"CC_MODE,NO_FAULT",0,NONE,0,
1777065687.3934839,017.990,1.29788,ON,6,"CC_MODE,NO_FAULT",0,NONE,0,,030.26,1.2999,ON,6,"CC_MODE,NO_FAULT",0,NONE,0,
1777065687.757679,033.408,1.26015,OFF,4,NO_FAULT,0,NONE,0,,000.01,0.0000,OFF,4,NO_FAULT,0,NONE,0,
1777065688.6334343,001.702,0.00000,OFF,4,NO_FAULT,0,NONE,0,,000.01,0.0000,OFF,4,NO_FAULT,0,NONE,0,
1777065689.2588398,000.019,0.00000,OFF,4,NO_FAULT,0,NONE,0,,000.01,0.0000,OFF,4,NO_FAULT,0,NONE,0,
1777065690.219347,000.019,0.00000,OFF,4,NO_FAULT,0,NONE,0,,000.01,0.0000,OFF,4,NO_FAULT,0,NONE,0,
1777065690.9985485,000.019,0.00000,OFF,4,NO_FAULT,0,NONE,0,,000.01,0.0000,OFF,4,NO_FAULT,0,NONE,0,
1777065691.9283707,000.019,0.00000,OFF,4,NO_FAULT,0,NONE,0,,000.01,0.0000,OFF,4,NO_FAULT,0,NONE,0,
1777065692.559626,000.019,0.00000,OFF,4,NO_FAULT,0,NONE,0,,000.01,0.0000,OFF,4,NO_FAULT,0,NONE,0,
1777065693.500252,000.019,0.00000,OFF,4,NO_FAULT,0,NONE,0,,000.01,0.0000,OFF,4,NO_FAULT,0,NONE,0,
1777065694.130709,000.019,0.00000,OFF,4,NO_FAULT,0,NONE,0,,000.01,0.0000,OFF,4,NO_FAULT,0,NONE,0,
1777065695.0569239,000.019,0.00000,OFF,4,NO_FAULT,0,NONE,0,,000.01,0.0000,OFF,4,NO_FAULT,0,NONE,0,
1777065695.6915832,000.019,0.00000,OFF,4,NO_FAULT,0,NONE,0,,000.01,0.0000,OFF,4,NO_FAULT,0,NONE,0,
1777065697.1480403,036.231,1.29793,ON,4,NO_FAULT,0,NONE,0,,026.49,1.2974,ON,4,NO_FAULT,0,NONE,0,
1777065697.7699673,033.875,1.30011,ON,6,"CC_MODE,NO_FAULT",0,NONE,0,,012.75,1.2999,ON,6,"CC_MODE,NO_FAULT",0,NONE,0,
1777065698.7014098,013.375,1.29993,ON,6,"CC_MODE,NO_FAULT",0,NONE,0,,015.24,1.2999,ON,6,"CC_MODE,NO_FAULT",0,NONE,0,
1777065699.334901,012.311,1.29995,ON,6,"CC_MODE,NO_FAULT",0,NONE,0,,016.51,1.2999,ON,6,"CC_MODE,NO_FAULT",0,NONE,0,
1777065700.276004,016.611,1.30003,ON,6,"CC_MODE,NO_FAULT",0,NONE,0,,016.21,1.3003,ON,6,"CC_MODE,NO_FAULT",0,NONE,0,
1777065700.8984072,011.040,1.30003,ON,6,"CC_MODE,NO_FAULT",0,NONE,0,,017.07,1.3001,ON,6,"CC_MODE,NO_FAULT",0,NONE,0,
1777065701.8255055,012.083,1.30009,ON,6,"CC_MODE,NO_FAULT",0,NONE,0,,011.91,1.3000,ON,6,"CC_MODE,NO_FAULT",0,NONE,0,
1777065702.4561129,032.366,1.30533,ON,6,"CC_MODE,NO_FAULT",0,NONE,0,,007.15,1.2999,ON,6,"CC_MODE,NO_FAULT",0,NONE,0,
1777065703.4414475,018.076,1.29995,ON,6,"CC_MODE,NO_FAULT",0,NONE,0,,012.27,1.2999,ON,6,"CC_MODE,NO_FAULT",0,NONE,0,
1777065704.086892,017.457,1.29995,ON,6,"CC_MODE,NO_FAULT",0,NONE,0,,013.80,1.2999,ON,6,"CC_MODE,NO_FAULT",0,NONE,0,
1777065705.0126789,016.469,1.29995,ON,6,"CC_MODE,NO_FAULT",0,NONE,0,,015.02,1.2999,ON,6,"CC_MODE,NO_FAULT",0,NONE,0,
1777065705.641945,015.688,1.29995,ON,6,"CC_MODE,NO_FAULT",0,NONE,0,,016.59,1.2999,ON,6,"CC_MODE,NO_FAULT",0,NONE,0,
1777065706.5809035,014.526,1.29995,ON,6,"CC_MODE,NO_FAULT",0,NONE,0,,018.01,1.2999,ON,6,"CC_MODE,NO_FAULT",0,NONE,0,
1777065707.2400498,012.821,1.29995,ON,6,"CC_MODE,NO_FAULT",0,NONE,0,,019.50,1.2999,ON,6,"CC_MODE,NO_FAULT",0,NONE,0,
1777065708.1630275,011.160,1.29995,ON,6,"CC_MODE,NO_FAULT",0,NONE,0,,020.80,1.2999,ON,6,"CC_MODE,NO_FAULT",0,NONE,0,
1777065708.7860303,009.976,1.29995,ON,6,"CC_MODE,NO_FAULT",0,NONE,0,,022.64,1.2999,ON,6,"CC_MODE,NO_FAULT",0,NONE,0,
1777065709.7129483,008.358,1.29995,ON,6,"CC_MODE,NO_FAULT",0,NONE,0,,024.51,1.2999,ON,6,"CC_MODE,NO_FAULT",0,NONE,0,
1777065710.3443286,007.077,1.29995,ON,6,"CC_MODE,NO_FAULT",0,NONE,0,,025.81,1.2999,ON,6,"CC_MODE,NO_FAULT",0,NONE,0,
1777065711.2769995,005.220,1.29995,ON,6,"CC_MODE,NO_FAULT",0,NONE,0,,020.16,1.2999,ON,6,"CC_MODE,NO_FAULT",0,NONE,0,
1777065711.899044,003.505,1.29995,ON,6,"CC_MODE,NO_FAULT",0,NONE,0,,021.65,1.2999,ON,6,"CC_MODE,NO_FAULT",0,NONE,0,
1777065712.847192,001.594,1.29995,ON,6,"CC_MODE,NO_FAULT",0,NONE,0,,022.95,1.2999,ON,6,"CC_MODE,NO_FAULT",0,NONE,0,
1777065713.4691062,000.584,1.29995,ON,6,"CC_MODE,NO_FAULT",0,NONE,0,,019.61,1.3002,ON,6,"CC_MODE,NO_FAULT",0,NONE,0,
1777065714.4359345,004.406,1.29995,ON,6,"CC_MODE,NO_FAULT",0,NONE,0,,019.88,1.2999,ON,6,"CC_MODE,NO_FAULT",0,NONE,0,
1777065715.0683975,004.232,1.29995,ON,6,"CC_MODE,NO_FAULT",0,NONE,0,,020.83,1.2999,ON,6,"CC_MODE,NO_FAULT",0,NONE,0,
1777065716.0058951,002.039,1.29995,ON,6,"CC_MODE,NO_FAULT",0,NONE,0,,022.13,1.2999,ON,6,"CC_MODE,NO_FAULT",0,NONE,0,
1777065716.659941,004.221,1.29995,ON,6,"CC_MODE,NO_FAULT",0,NONE,0,,020.40,1.2999,ON,6,"CC_MODE,NO_FAULT",0,NONE,0,
1777065717.589421,002.441,1.29995,ON,6,"CC_MODE,NO_FAULT",0,NONE,0,,022.17,1.2999,ON,6,"CC_MODE,NO_FAULT",0,NONE,0,
1777065718.2704523,001.062,0.85529,OFF,4,NO_FAULT,0,NONE,0,,024.01,1.2999,ON,6,"CC_MODE,NO_FAULT",0,NONE,0,
1777065719.1476288,000.000,0.01162,OFF,4,NO_FAULT,0,NONE,0,,024.00,1.2999,ON,6,"CC_MODE,NO_FAULT",0,NONE,0,
1777065719.768555,000.000,0.01153,OFF,4,NO_FAULT,0,NONE,0,,024.00,1.2999,ON,6,"CC_MODE,NO_FAULT",0,NONE,0,
1777065720.7103176,000.000,0.01139,OFF,4,NO_FAULT,0,NONE,0,,024.01,1.2999,ON,6,"CC_MODE,NO_FAULT",0,NONE,0,
1777065721.331042,000.000,0.01135,OFF,4,NO_FAULT,0,NONE,0,,024.03,1.2999,ON,6,"CC_MODE,NO_FAULT",0,NONE,0,
1777065722.260728,000.000,0.01126,OFF,4,NO_FAULT,0,NONE,0,,024.07,1.2999,ON,6,"CC_MODE,NO_FAULT",0,NONE,0,
1777065722.8824549,000.000,0.01122,OFF,4,NO_FAULT,0,NONE,0,,024.12,1.2999,ON,6,"CC_MODE,NO_FAULT",0,NONE,0,
1777065723.8158598,000.000,0.01116,OFF,4,NO_FAULT,0,NONE,0,,024.14,1.2999,ON,6,"CC_MODE,NO_FAULT",0,NONE,0,
1777065724.5331159,000.000,0.01110,OFF,4,NO_FAULT,0,NONE,0,,023.92,1.2999,ON,6,"CC_MODE,NO_FAULT",0,NONE,0,
1777065725.46656,000.000,0.01105,OFF,4,NO_FAULT,0,NONE,0,,024.16,1.2999,ON,6,"CC_MODE,NO_FAULT",0,NONE,0,
1777065726.0898192,000.000,0.01101,OFF,4,NO_FAULT,0,NONE,0,,024.27,1.2999,ON,6,"CC_MODE,NO_FAULT",0,NONE,0,
1777065727.014118,000.000,0.01097,OFF,4,NO_FAULT,0,NONE,0,,024.36,1.2999,ON,6,"CC_MODE,NO_FAULT",0,NONE,0,
1777065727.6420107,000.000,0.01093,OFF,4,NO_FAULT,0,NONE,0,,024.48,1.2999,ON,6,"CC_MODE,NO_FAULT",0,NONE,0,
1777065728.5718417,000.000,0.01089,OFF,4,NO_FAULT,0,NONE,0,,024.61,1.2999,ON,6,"CC_MODE,NO_FAULT",0,NONE,0,
1777065729.2086954,000.000,0.01087,OFF,4,NO_FAULT,0,NONE,0,,024.69,1.2999,ON,6,"CC_MODE,NO_FAULT",0,NONE,0,
1777065730.1442363,000.000,0.01083,OFF,4,NO_FAULT,0,NONE,0,,024.83,1.2999,ON,6,"CC_MODE,NO_FAULT",0,NONE,0,
1777065730.7845078,000.000,0.01080,OFF,4,NO_FAULT,0,NONE,0,,024.97,1.2999,ON,6,"CC_MODE,NO_FAULT",0,NONE,0,
1777065731.7130568,000.000,0.01076,OFF,4,NO_FAULT,0,NONE,0,,025.09,1.2999,ON,6,"CC_MODE,NO_FAULT",0,NONE,0,
1777065732.335791,000.000,0.01074,OFF,4,NO_FAULT,0,NONE,0,,025.22,1.2999,ON,6,"CC_MODE,NO_FAULT",0,NONE,0,
1777065733.2612622,000.000,0.01072,OFF,4,NO_FAULT,0,NONE,0,,025.36,1.2999,ON,6,"CC_MODE,NO_FAULT",0,NONE,0,
1777065733.898261,000.000,0.01070,OFF,4,NO_FAULT,0,NONE,0,,025.53,1.2999,ON,6,"CC_MODE,NO_FAULT",0,NONE,0,
1777065734.8475006,000.000,0.01066,OFF,4,NO_FAULT,0,NONE,0,,025.66,1.2999,ON,6,"CC_MODE,NO_FAULT",0,NONE,0,
1777065735.5521781,000.000,0.01064,OFF,4,NO_FAULT,0,NONE,0,,025.82,1.2999,ON,6,"CC_MODE,NO_FAULT",0,NONE,0,
1777065736.503149,000.000,0.01062,OFF,4,NO_FAULT,0,NONE,0,,025.95,1.2999,ON,6,"CC_MODE,NO_FAULT",0,NONE,0,
1777065737.1307957,000.000,0.01060,OFF,4,NO_FAULT,0,NONE,0,,026.13,1.2999,ON,6,"CC_MODE,NO_FAULT",0,NONE,0,
1777065738.0578406,000.000,0.01055,OFF,4,NO_FAULT,0,NONE,0,,026.29,1.2999,ON,6,"CC_MODE,NO_FAULT",0,NONE,0,
1777065738.6807127,000.000,0.01055,OFF,4,NO_FAULT,0,NONE,0,,026.50,1.2999,ON,6,"CC_MODE,NO_FAULT",0,NONE,0,
1777065739.6039498,000.000,0.01053,OFF,4,NO_FAULT,0,NONE,0,,026.73,1.2999,ON,6,"CC_MODE,NO_FAULT",0,NONE,0,
1777065740.2309206,000.000,0.01051,OFF,4,NO_FAULT,0,NONE,0,,026.89,1.2999,ON,6,"CC_MODE,NO_FAULT",0,NONE,0,
1777065741.1541991,000.000,0.01049,OFF,4,NO_FAULT,0,NONE,0,,027.14,1.2999,ON,6,"CC_MODE,NO_FAULT",0,NONE,0,
1777065741.774069,000.000,0.01047,OFF,4,NO_FAULT,0,NONE,0,,027.34,1.2999,ON,6,"CC_MODE,NO_FAULT",0,NONE,0,
1777065742.706452,000.000,0.01045,OFF,4,NO_FAULT,0,NONE,0,,027.50,1.2999,ON,6,"CC_MODE,NO_FAULT",0,NONE,0,
1777065743.3348675,000.000,0.01043,OFF,4,NO_FAULT,0,NONE,0,,027.76,1.2999,ON,6,"CC_MODE,NO_FAULT",0,NONE,0,
1777065744.2760694,000.000,0.01041,OFF,4,NO_FAULT,0,NONE,0,,027.95,1.2999,ON,6,"CC_MODE,NO_FAULT",0,NONE,0,
1777065744.901728,000.000,0.01039,OFF,4,NO_FAULT,0,NONE,0,,028.17,1.2999,ON,6,"CC_MODE,NO_FAULT",0,NONE,0,
1777065745.8453255,000.000,0.01037,OFF,4,NO_FAULT,0,NONE,0,,028.31,1.2996,ON,6,"CC_MODE,NO_FAULT",0,NONE,0,
1777065746.474166,000.000,0.01037,OFF,4,NO_FAULT,0,NONE,0,,028.52,1.2999,ON,6,"CC_MODE,NO_FAULT",0,NONE,0,
1777065747.4074302,000.000,0.01035,OFF,4,NO_FAULT,0,NONE,0,,028.70,1.2999,ON,6,"CC_MODE,NO_FAULT",0,NONE,0,
1777065748.042084,000.000,0.01035,OFF,4,NO_FAULT,0,NONE,0,,028.65,1.2999,ON,6,"CC_MODE,NO_FAULT",0,NONE,0,
1777065748.9886508,000.000,0.01032,OFF,4,NO_FAULT,0,NONE,0,,028.87,1.2999,ON,6,"CC_MODE,NO_FAULT",0,NONE,0,
1777065749.6198652,000.000,0.01030,OFF,4,NO_FAULT,0,NONE,0,,029.08,1.2999,ON,6,"CC_MODE,NO_FAULT",0,NONE,0,
1777065750.5567577,000.000,0.01028,OFF,4,NO_FAULT,0,NONE,0,,029.08,1.2999,ON,6,"CC_MODE,NO_FAULT",0,NONE,0,
1777065751.189079,000.000,0.01028,OFF,4,NO_FAULT,0,NONE,0,,028.83,1.2999,ON,6,"CC_MODE,NO_FAULT",0,NONE,0,
1777065752.1136932,000.000,0.01026,OFF,4,NO_FAULT,0,NONE,0,,029.29,1.2999,ON,6,"CC_MODE,NO_FAULT",0,NONE,0,
1777065752.7344124,000.000,0.01024,OFF,4,NO_FAULT,0,NONE,0,,029.40,1.2999,ON,6,"CC_MODE,NO_FAULT",0,NONE,0,
1777065753.6810422,000.000,0.01024,OFF,4,NO_FAULT,0,NONE,0,,029.55,1.3001,ON,6,"CC_MODE,NO_FAULT",0,NONE,0,
1777065754.316664,000.000,0.01022,OFF,4,NO_FAULT,0,NONE,0,,029.72,1.2999,ON,6,"CC_MODE,NO_FAULT",0,NONE,0,
1777065755.252879,000.000,0.01020,OFF,4,NO_FAULT,0,NONE,0,,029.88,1.2999,ON,6,"CC_MODE,NO_FAULT",0,NONE,0,
1777065755.8860042,000.000,0.01020,OFF,4,NO_FAULT,0,NONE,0,,030.04,1.2999,ON,6,"CC_MODE,NO_FAULT",0,NONE,0,
1777065756.822765,000.000,0.01018,OFF,4,NO_FAULT,0,NONE,0,,030.17,1.2999,ON,6,"CC_MODE,NO_FAULT",0,NONE,0,
1777065757.4513385,000.000,0.01018,OFF,4,NO_FAULT,0,NONE,0,,030.11,1.3002,ON,6,"CC_MODE,NO_FAULT",0,NONE,0,
1777065758.387958,000.000,0.01016,OFF,4,NO_FAULT,0,NONE,0,,030.43,1.2999,ON,6,"CC_MODE,NO_FAULT",0,NONE,0,
1777065759.016432,000.000,0.01016,OFF,4,NO_FAULT,0,NONE,0,,030.67,1.2999,ON,6,"CC_MODE,NO_FAULT",0,NONE,0,
1777065759.955771,000.000,0.01014,OFF,4,NO_FAULT,0,NONE,0,,030.67,1.2999,ON,6,"CC_MODE,NO_FAULT",0,NONE,0,
1777065760.5921404,000.000,0.01014,OFF,4,NO_FAULT,0,NONE,0,,030.61,1.2999,ON,6,"CC_MODE,NO_FAULT",0,NONE,0,
1777065761.5320632,000.000,0.01012,OFF,4,NO_FAULT,0,NONE,0,,030.61,1.2999,ON,6,"CC_MODE,NO_FAULT",0,NONE,0,
1777065762.1618874,000.000,0.01012,OFF,4,NO_FAULT,0,NONE,0,,030.57,1.2999,ON,6,"CC_MODE,NO_FAULT",0,NONE,0,
1777065763.1016717,000.000,0.01010,OFF,4,NO_FAULT,0,NONE,0,,029.53,1.3002,ON,6,"CC_MODE,NO_FAULT",0,NONE,0,
1777065763.730834,000.000,0.01010,OFF,4,NO_FAULT,0,NONE,0,,030.42,1.2999,ON,6,"CC_MODE,NO_FAULT",0,NONE,0,
1777065764.6719358,000.000,0.01010,OFF,4,NO_FAULT,0,NONE,0,,029.02,1.2999,ON,6,"CC_MODE,NO_FAULT",0,NONE,0,
1777065765.3088698,000.000,0.01007,OFF,4,NO_FAULT,0,NONE,0,,030.53,1.2999,ON,6,"CC_MODE,NO_FAULT",0,NONE,0,
1777065766.251607,000.000,0.01007,OFF,4,NO_FAULT,0,NONE,0,,030.49,1.2999,ON,6,"CC_MODE,NO_FAULT",0,NONE,0,
1777065766.8798895,000.000,0.01005,OFF,4,NO_FAULT,0,NONE,0,,030.49,1.2999,ON,6,"CC_MODE,NO_FAULT",0,NONE,0,
1777065767.8076239,000.000,0.01005,OFF,4,NO_FAULT,0,NONE,0,,030.48,1.2999,ON,6,"CC_MODE,NO_FAULT",0,NONE,0,
1777065768.4375403,000.000,0.01005,OFF,4,NO_FAULT,0,NONE,0,,030.54,1.2999,ON,6,"CC_MODE,NO_FAULT",0,NONE,0,
1777065769.3731432,000.000,0.01003,OFF,4,NO_FAULT,0,NONE,0,,030.63,1.2999,ON,6,"CC_MODE,NO_FAULT",0,NONE,0,
1777065770.006355,000.000,0.01003,OFF,4,NO_FAULT,0,NONE,0,,030.70,1.2999,ON,6,"CC_MODE,NO_FAULT",0,NONE,0,
1777065770.9512315,000.000,0.01001,OFF,4,NO_FAULT,0,NONE,0,,030.87,1.2999,ON,6,"CC_MODE,NO_FAULT",0,NONE,0,
1777065771.5782547,000.000,0.01001,OFF,4,NO_FAULT,0,NONE,0,,030.86,1.2999,ON,6,"CC_MODE,NO_FAULT",0,NONE,0,
1777065772.5225222,000.000,0.01001,OFF,4,NO_FAULT,0,NONE,0,,030.88,1.2999,ON,6,"CC_MODE,NO_FAULT",0,NONE,0,
1777065773.1457531,000.000,0.00999,OFF,4,NO_FAULT,0,NONE,0,,031.07,1.2999,ON,6,"CC_MODE,NO_FAULT",0,NONE,0,
1777065774.0881562,000.000,0.00999,OFF,4,NO_FAULT,0,NONE,0,,031.16,1.2999,ON,6,"CC_MODE,NO_FAULT",0,NONE,0,
1777065774.723518,000.000,0.00999,OFF,4,NO_FAULT,0,NONE,0,,031.21,1.2999,ON,6,"CC_MODE,NO_FAULT",0,NONE,0,
1777065775.6615572,000.000,0.00997,OFF,4,NO_FAULT,0,NONE,0,,031.26,1.2999,ON,6,"CC_MODE,NO_FAULT",0,NONE,0,
1777065776.2838316,000.000,0.00267,OFF,4,NO_FAULT,0,NONE,0,,000.01,0.0000,OFF,4,NO_FAULT,0,NONE,0,
1777065777.226448,000.019,0.00000,OFF,4,NO_FAULT,0,NONE,0,,000.01,0.0000,OFF,4,NO_FAULT,0,NONE,0,
1777065777.6018844,000.019,0.00000,ON,5,"CV_MODE,NO_FAULT",0,NONE,0,,000.01,0.0000,OFF,4,NO_FAULT,0,NONE,0,
1777065778.501309,450.003,0.00000,ON,5,"CV_MODE,NO_FAULT",0,NONE,0,,000.01,0.0000,OFF,4,NO_FAULT,0,NONE,0,
